-- MySQL dump 10.13  Distrib 8.0.35, for Linux (x86_64)
--
-- Host: localhost    Database: vpn_db
-- ------------------------------------------------------
-- Server version	8.0.35-0ubuntu0.22.04.1

/*!40101 SET @OLD_CHARACTER_SET_CLIENT=@@CHARACTER_SET_CLIENT */;
/*!40101 SET @OLD_CHARACTER_SET_RESULTS=@@CHARACTER_SET_RESULTS */;
/*!40101 SET @OLD_COLLATION_CONNECTION=@@COLLATION_CONNECTION */;
/*!50503 SET NAMES utf8mb4 */;
/*!40103 SET @OLD_TIME_ZONE=@@TIME_ZONE */;
/*!40103 SET TIME_ZONE='+00:00' */;
/*!40014 SET @OLD_UNIQUE_CHECKS=@@UNIQUE_CHECKS, UNIQUE_CHECKS=0 */;
/*!40014 SET @OLD_FOREIGN_KEY_CHECKS=@@FOREIGN_KEY_CHECKS, FOREIGN_KEY_CHECKS=0 */;
/*!40101 SET @OLD_SQL_MODE=@@SQL_MODE, SQL_MODE='NO_AUTO_VALUE_ON_ZERO' */;
/*!40111 SET @OLD_SQL_NOTES=@@SQL_NOTES, SQL_NOTES=0 */;

--
-- Table structure for table `client_logs`
--

DROP TABLE IF EXISTS `client_logs`;
/*!40101 SET @saved_cs_client     = @@character_set_client */;
/*!50503 SET character_set_client = utf8mb4 */;
CREATE TABLE `client_logs` (
  `id` bigint unsigned NOT NULL AUTO_INCREMENT,
  `client_id` bigint unsigned NOT NULL,
  `ip_address` varchar(45) COLLATE utf8mb4_unicode_ci NOT NULL,
  `action` varchar(100) COLLATE utf8mb4_unicode_ci DEFAULT NULL,
  `country_code` varchar(10) COLLATE utf8mb4_unicode_ci DEFAULT NULL,
  `region_code` varchar(20) COLLATE utf8mb4_unicode_ci DEFAULT NULL,
  `time_zone` varchar(150) COLLATE utf8mb4_unicode_ci DEFAULT NULL,
  `city` varchar(255) COLLATE utf8mb4_unicode_ci DEFAULT NULL,
  `latitude` varchar(255) COLLATE utf8mb4_unicode_ci DEFAULT NULL,
  `longitude` varchar(255) COLLATE utf8mb4_unicode_ci DEFAULT NULL,
  `created_at` timestamp NULL DEFAULT NULL,
  `updated_at` timestamp NULL DEFAULT NULL,
  PRIMARY KEY (`id`),
  KEY `client_logs_client_id_foreign` (`client_id`),
  CONSTRAINT `client_logs_client_id_foreign` FOREIGN KEY (`client_id`) REFERENCES `clients` (`id`) ON DELETE CASCADE
) ENGINE=InnoDB AUTO_INCREMENT=338 DEFAULT CHARSET=utf8mb4 COLLATE=utf8mb4_unicode_ci;
/*!40101 SET character_set_client = @saved_cs_client */;

--
-- Dumping data for table `client_logs`
--

LOCK TABLES `client_logs` WRITE;
/*!40000 ALTER TABLE `client_logs` DISABLE KEYS */;
INSERT INTO `client_logs` VALUES (47,8,'94.158.63.211','token_generated',NULL,NULL,NULL,NULL,NULL,NULL,'2023-12-28 10:11:13','2023-12-28 10:11:13'),(48,9,'94.158.63.211','token_generated',NULL,NULL,NULL,NULL,NULL,NULL,'2023-12-28 10:12:22','2023-12-28 10:12:22'),(49,10,'94.158.63.211','token_generated',NULL,NULL,NULL,NULL,NULL,NULL,'2023-12-28 10:12:58','2023-12-28 10:12:58'),(50,11,'94.158.63.211','token_generated',NULL,NULL,NULL,NULL,NULL,NULL,'2023-12-28 10:13:04','2023-12-28 10:13:04'),(51,12,'84.54.75.194','token_generated',NULL,NULL,NULL,NULL,NULL,NULL,'2023-12-28 10:15:31','2023-12-28 10:15:31'),(52,13,'84.54.75.194','token_generated',NULL,NULL,NULL,NULL,NULL,NULL,'2023-12-28 10:16:05','2023-12-28 10:16:05'),(53,14,'94.158.63.211','token_generated',NULL,NULL,NULL,NULL,NULL,NULL,'2023-12-28 10:20:39','2023-12-28 10:20:39'),(54,15,'94.158.63.211','token_generated',NULL,NULL,NULL,NULL,NULL,NULL,'2023-12-28 10:22:39','2023-12-28 10:22:39'),(55,16,'84.54.75.194','token_generated',NULL,NULL,NULL,NULL,NULL,NULL,'2023-12-28 10:24:12','2023-12-28 10:24:12'),(56,17,'84.54.75.194','token_generated',NULL,NULL,NULL,NULL,NULL,NULL,'2023-12-28 10:25:48','2023-12-28 10:25:48'),(57,18,'84.54.75.194','token_generated',NULL,NULL,NULL,NULL,NULL,NULL,'2023-12-28 10:27:06','2023-12-28 10:27:06'),(58,19,'84.54.75.194','token_generated',NULL,NULL,NULL,NULL,NULL,NULL,'2023-12-28 10:27:06','2023-12-28 10:27:06'),(59,19,'84.54.75.194','list_servers',NULL,NULL,NULL,NULL,NULL,NULL,'2023-12-28 10:34:48','2023-12-28 10:34:48'),(60,19,'84.54.75.194','list_servers',NULL,NULL,NULL,NULL,NULL,NULL,'2023-12-28 10:57:54','2023-12-28 10:57:54'),(61,19,'84.54.75.194','downloaded_config',NULL,NULL,NULL,NULL,NULL,NULL,'2023-12-28 10:58:24','2023-12-28 10:58:24'),(62,19,'84.54.75.194','list_servers',NULL,NULL,NULL,NULL,NULL,NULL,'2023-12-28 10:58:24','2023-12-28 10:58:24'),(63,19,'84.54.75.194','list_servers',NULL,NULL,NULL,NULL,NULL,NULL,'2023-12-28 11:01:36','2023-12-28 11:01:36'),(64,19,'84.54.75.194','downloaded_config',NULL,NULL,NULL,NULL,NULL,NULL,'2023-12-28 11:01:39','2023-12-28 11:01:39'),(65,19,'94.158.63.211','list_servers',NULL,NULL,NULL,NULL,NULL,NULL,'2023-12-28 11:02:15','2023-12-28 11:02:15'),(66,19,'94.158.63.211','downloaded_config',NULL,NULL,NULL,NULL,NULL,NULL,'2023-12-28 11:02:18','2023-12-28 11:02:18'),(67,19,'84.54.75.194','list_servers',NULL,NULL,NULL,NULL,NULL,NULL,'2023-12-28 11:03:10','2023-12-28 11:03:10'),(68,19,'84.54.75.194','downloaded_config',NULL,NULL,NULL,NULL,NULL,NULL,'2023-12-28 11:03:10','2023-12-28 11:03:10'),(69,19,'94.158.63.211','list_servers',NULL,NULL,NULL,NULL,NULL,NULL,'2023-12-28 11:06:46','2023-12-28 11:06:46'),(70,19,'94.158.63.211','downloaded_config',NULL,NULL,NULL,NULL,NULL,NULL,'2023-12-28 11:06:46','2023-12-28 11:06:46'),(71,19,'84.54.75.194','list_servers',NULL,NULL,NULL,NULL,NULL,NULL,'2023-12-28 11:08:07','2023-12-28 11:08:07'),(72,19,'84.54.75.194','downloaded_config',NULL,NULL,NULL,NULL,NULL,NULL,'2023-12-28 11:08:10','2023-12-28 11:08:10'),(73,19,'94.158.63.211','list_servers',NULL,NULL,NULL,NULL,NULL,NULL,'2023-12-28 11:09:25','2023-12-28 11:09:25'),(74,19,'94.158.63.211','downloaded_config',NULL,NULL,NULL,NULL,NULL,NULL,'2023-12-28 11:09:25','2023-12-28 11:09:25'),(75,19,'94.158.63.211','downloaded_config',NULL,NULL,NULL,NULL,NULL,NULL,'2023-12-28 11:09:28','2023-12-28 11:09:28'),(76,19,'94.158.63.211','downloaded_config',NULL,NULL,NULL,NULL,NULL,NULL,'2023-12-28 11:09:28','2023-12-28 11:09:28'),(77,19,'94.158.63.211','downloaded_config',NULL,NULL,NULL,NULL,NULL,NULL,'2023-12-28 11:09:31','2023-12-28 11:09:31'),(78,19,'94.158.63.211','list_servers',NULL,NULL,NULL,NULL,NULL,NULL,'2023-12-28 11:23:17','2023-12-28 11:23:17'),(79,19,'84.54.75.194','list_servers',NULL,NULL,NULL,NULL,NULL,NULL,'2023-12-29 14:29:41','2023-12-29 14:29:41'),(80,19,'84.54.75.194','downloaded_config',NULL,NULL,NULL,NULL,NULL,NULL,'2023-12-29 14:48:59','2023-12-29 14:48:59'),(81,20,'84.54.75.194','token_generated',NULL,NULL,NULL,NULL,NULL,NULL,'2023-12-29 15:35:30','2023-12-29 15:35:30'),(82,21,'84.54.75.194','token_generated',NULL,NULL,NULL,NULL,NULL,NULL,'2023-12-29 15:37:04','2023-12-29 15:37:04'),(83,21,'84.54.75.194','list_servers',NULL,NULL,NULL,NULL,NULL,NULL,'2023-12-29 15:38:50','2023-12-29 15:38:50'),(84,21,'84.54.75.194','list_servers',NULL,NULL,NULL,NULL,NULL,NULL,'2023-12-29 15:39:54','2023-12-29 15:39:54'),(85,21,'84.54.75.194','downloaded_config',NULL,NULL,NULL,NULL,NULL,NULL,'2023-12-29 15:42:19','2023-12-29 15:42:19'),(86,21,'84.54.75.194','downloaded_config',NULL,NULL,NULL,NULL,NULL,NULL,'2023-12-29 15:42:34','2023-12-29 15:42:34'),(87,21,'84.54.75.194','list_servers',NULL,NULL,NULL,NULL,NULL,NULL,'2023-12-29 15:42:53','2023-12-29 15:42:53'),(88,21,'94.158.63.211','list_servers',NULL,NULL,NULL,NULL,NULL,NULL,'2023-12-29 15:42:53','2023-12-29 15:42:53'),(89,21,'84.54.75.194','list_servers',NULL,NULL,NULL,NULL,NULL,NULL,'2023-12-29 15:43:26','2023-12-29 15:43:26'),(90,22,'94.158.63.211','token_generated',NULL,NULL,NULL,NULL,NULL,NULL,'2023-12-29 15:43:27','2023-12-29 15:43:27'),(91,22,'84.54.75.194','list_servers',NULL,NULL,NULL,NULL,NULL,NULL,'2023-12-29 15:44:15','2023-12-29 15:44:15'),(92,23,'84.54.75.194','token_generated',NULL,NULL,NULL,NULL,NULL,NULL,'2023-12-29 15:46:15','2023-12-29 15:46:15'),(93,24,'84.54.75.194','token_generated',NULL,NULL,NULL,NULL,NULL,NULL,'2023-12-29 15:47:05','2023-12-29 15:47:05'),(94,26,'84.54.75.194','token_generated',NULL,NULL,NULL,NULL,NULL,NULL,'2023-12-29 15:47:39','2023-12-29 15:47:39'),(95,27,'84.54.75.194','token_generated',NULL,NULL,NULL,NULL,NULL,NULL,'2023-12-29 15:47:45','2023-12-29 15:47:45'),(96,22,'84.54.75.194','list_servers',NULL,NULL,NULL,NULL,NULL,NULL,'2023-12-29 15:48:24','2023-12-29 15:48:24'),(97,28,'84.54.75.194','token_generated',NULL,NULL,NULL,NULL,NULL,NULL,'2023-12-29 15:48:24','2023-12-29 15:48:24'),(98,28,'94.158.63.211','list_servers',NULL,NULL,NULL,NULL,NULL,NULL,'2023-12-29 15:50:06','2023-12-29 15:50:06'),(99,29,'84.54.75.194','token_generated',NULL,NULL,NULL,NULL,NULL,NULL,'2023-12-29 15:50:07','2023-12-29 15:50:07'),(100,29,'84.54.75.194','list_servers',NULL,NULL,NULL,NULL,NULL,NULL,'2023-12-29 15:51:31','2023-12-29 15:51:31'),(101,30,'84.54.75.194','token_generated',NULL,NULL,NULL,NULL,NULL,NULL,'2023-12-29 15:51:31','2023-12-29 15:51:31'),(102,31,'84.54.75.194','token_generated',NULL,NULL,NULL,NULL,NULL,NULL,'2023-12-29 15:53:34','2023-12-29 15:53:34'),(103,31,'94.158.63.211','list_servers',NULL,NULL,NULL,NULL,NULL,NULL,'2023-12-29 15:53:40','2023-12-29 15:53:40'),(104,32,'84.54.75.194','token_generated',NULL,NULL,NULL,NULL,NULL,NULL,'2023-12-29 15:54:23','2023-12-29 15:54:23'),(105,31,'94.158.63.211','list_servers',NULL,NULL,NULL,NULL,NULL,NULL,'2023-12-29 15:55:38','2023-12-29 15:55:38'),(106,33,'94.158.63.211','token_generated',NULL,NULL,NULL,NULL,NULL,NULL,'2023-12-29 15:55:38','2023-12-29 15:55:38'),(107,33,'94.158.63.211','downloaded_config',NULL,NULL,NULL,NULL,NULL,NULL,'2023-12-29 15:55:44','2023-12-29 15:55:44'),(108,34,'84.54.75.194','token_generated',NULL,NULL,NULL,NULL,NULL,NULL,'2023-12-29 15:56:57','2023-12-29 15:56:57'),(109,35,'84.54.75.194','token_generated',NULL,NULL,NULL,NULL,NULL,NULL,'2023-12-29 15:56:57','2023-12-29 15:56:57'),(110,35,'84.54.75.194','list_servers',NULL,NULL,NULL,NULL,NULL,NULL,'2023-12-29 15:57:13','2023-12-29 15:57:13'),(111,36,'94.158.63.211','downloaded_config',NULL,NULL,NULL,NULL,NULL,NULL,'2023-12-29 15:58:19','2023-12-29 15:58:19'),(112,36,'94.158.63.211','downloaded_config',NULL,NULL,NULL,NULL,NULL,NULL,'2023-12-29 15:58:22','2023-12-29 15:58:22'),(113,36,'84.54.75.194','list_servers',NULL,NULL,NULL,NULL,NULL,NULL,'2023-12-29 15:58:56','2023-12-29 15:58:56'),(114,37,'84.54.75.194','token_generated',NULL,NULL,NULL,NULL,NULL,NULL,'2023-12-29 15:58:58','2023-12-29 15:58:58'),(115,37,'84.54.75.194','downloaded_config',NULL,NULL,NULL,NULL,NULL,NULL,'2023-12-29 15:58:59','2023-12-29 15:58:59'),(116,38,'84.54.90.181','token_generated',NULL,NULL,NULL,NULL,NULL,NULL,'2023-12-29 16:01:51','2023-12-29 16:01:51'),(117,39,'84.54.90.181','token_generated',NULL,NULL,NULL,NULL,NULL,NULL,'2023-12-29 16:02:15','2023-12-29 16:02:15'),(118,33,'84.54.75.194','list_servers',NULL,NULL,NULL,NULL,NULL,NULL,'2023-12-29 16:16:41','2023-12-29 16:16:41'),(119,33,'94.158.63.211','list_servers',NULL,NULL,NULL,NULL,NULL,NULL,'2023-12-29 16:17:31','2023-12-29 16:17:31'),(120,42,'94.158.63.211','token_generated',NULL,NULL,NULL,NULL,NULL,NULL,'2023-12-29 16:17:52','2023-12-29 16:17:52'),(121,43,'84.54.75.194','token_generated',NULL,NULL,NULL,NULL,NULL,NULL,'2023-12-29 16:19:18','2023-12-29 16:19:18'),(122,33,'94.158.63.211','list_servers',NULL,NULL,NULL,NULL,NULL,NULL,'2023-12-29 16:19:47','2023-12-29 16:19:47'),(123,44,'84.54.90.181','token_generated',NULL,NULL,NULL,NULL,NULL,NULL,'2023-12-29 16:19:47','2023-12-29 16:19:47'),(124,33,'84.54.75.194','list_servers',NULL,NULL,NULL,NULL,NULL,NULL,'2023-12-29 16:22:35','2023-12-29 16:22:35'),(125,33,'94.158.63.211','list_servers',NULL,NULL,NULL,NULL,NULL,NULL,'2023-12-29 16:23:28','2023-12-29 16:23:28'),(126,33,'84.54.75.194','list_servers',NULL,NULL,NULL,NULL,NULL,NULL,'2023-12-29 16:23:52','2023-12-29 16:23:52'),(127,45,'84.54.75.194','token_generated',NULL,NULL,NULL,NULL,NULL,NULL,'2023-12-29 16:24:10','2023-12-29 16:24:10'),(128,46,'84.54.75.194','token_generated',NULL,NULL,NULL,NULL,NULL,NULL,'2023-12-29 16:24:13','2023-12-29 16:24:13'),(129,33,'94.158.63.211','list_servers',NULL,NULL,NULL,NULL,NULL,NULL,'2023-12-29 16:24:28','2023-12-29 16:24:28'),(130,33,'94.158.63.211','list_servers',NULL,NULL,NULL,NULL,NULL,NULL,'2023-12-29 16:25:25','2023-12-29 16:25:25'),(131,49,'94.158.63.211','token_generated',NULL,NULL,NULL,NULL,NULL,NULL,'2023-12-29 16:31:50','2023-12-29 16:31:50'),(132,50,'84.54.75.194','token_generated',NULL,NULL,NULL,NULL,NULL,NULL,'2023-12-29 16:32:42','2023-12-29 16:32:42'),(133,51,'94.158.63.211','token_generated',NULL,NULL,NULL,NULL,NULL,NULL,'2023-12-29 16:33:03','2023-12-29 16:33:03'),(134,52,'84.54.75.194','token_generated',NULL,NULL,NULL,NULL,NULL,NULL,'2023-12-29 16:35:30','2023-12-29 16:35:30'),(135,53,'84.54.75.194','token_generated',NULL,NULL,NULL,NULL,NULL,NULL,'2023-12-29 16:37:30','2023-12-29 16:37:30'),(136,54,'185.139.228.213','token_generated',NULL,NULL,NULL,NULL,NULL,NULL,'2023-12-29 16:39:52','2023-12-29 16:39:52'),(137,55,'84.54.75.194','token_generated',NULL,NULL,NULL,NULL,NULL,NULL,'2023-12-29 16:40:40','2023-12-29 16:40:40'),(138,56,'84.54.75.194','token_generated',NULL,NULL,NULL,NULL,NULL,NULL,'2023-12-29 16:40:44','2023-12-29 16:40:44'),(139,57,'185.139.228.213','token_generated',NULL,NULL,NULL,NULL,NULL,NULL,'2023-12-29 16:41:08','2023-12-29 16:41:08'),(140,58,'185.139.228.213','token_generated',NULL,NULL,NULL,NULL,NULL,NULL,'2023-12-29 16:41:08','2023-12-29 16:41:08'),(141,59,'185.139.228.213','token_generated',NULL,NULL,NULL,NULL,NULL,NULL,'2023-12-29 16:41:11','2023-12-29 16:41:11'),(142,60,'185.139.228.213','token_generated',NULL,NULL,NULL,NULL,NULL,NULL,'2023-12-29 16:41:12','2023-12-29 16:41:12'),(143,62,'185.139.228.213','token_generated',NULL,NULL,NULL,NULL,NULL,NULL,'2023-12-29 16:41:15','2023-12-29 16:41:15'),(144,61,'84.54.75.194','token_generated',NULL,NULL,NULL,NULL,NULL,NULL,'2023-12-29 16:41:16','2023-12-29 16:41:16'),(145,63,'84.54.75.194','token_generated',NULL,NULL,NULL,NULL,NULL,NULL,'2023-12-29 16:44:40','2023-12-29 16:44:40'),(146,63,'84.54.75.194','list_servers',NULL,NULL,NULL,NULL,NULL,NULL,'2023-12-29 16:45:02','2023-12-29 16:45:02'),(147,64,'185.139.228.213','token_generated',NULL,NULL,NULL,NULL,NULL,NULL,'2023-12-29 16:46:38','2023-12-29 16:46:38'),(148,51,'84.54.75.194','list_servers',NULL,NULL,NULL,NULL,NULL,NULL,'2023-12-29 16:53:56','2023-12-29 16:53:56'),(149,61,'94.158.63.211','list_servers',NULL,NULL,NULL,NULL,NULL,NULL,'2023-12-29 16:55:00','2023-12-29 16:55:00'),(150,61,'94.158.63.211','downloaded_config',NULL,NULL,NULL,NULL,NULL,NULL,'2023-12-29 16:55:03','2023-12-29 16:55:03'),(151,65,'185.139.228.213','token_generated',NULL,NULL,NULL,NULL,NULL,NULL,'2023-12-29 16:58:21','2023-12-29 16:58:21'),(152,66,'84.54.75.194','token_generated',NULL,NULL,NULL,NULL,NULL,NULL,'2024-01-03 09:15:02','2024-01-03 09:15:02'),(153,66,'84.54.75.194','list_servers',NULL,NULL,NULL,NULL,NULL,NULL,'2024-01-03 09:15:02','2024-01-03 09:15:02'),(154,66,'84.54.75.194','downloaded_config',NULL,NULL,NULL,NULL,NULL,NULL,'2024-01-03 09:17:41','2024-01-03 09:17:41'),(155,66,'94.158.63.211','downloaded_config',NULL,NULL,NULL,NULL,NULL,NULL,'2024-01-03 09:19:11','2024-01-03 09:19:11'),(156,66,'94.158.63.211','downloaded_config',NULL,NULL,NULL,NULL,NULL,NULL,'2024-01-03 09:19:14','2024-01-03 09:19:14'),(157,66,'94.158.63.211','downloaded_config',NULL,NULL,NULL,NULL,NULL,NULL,'2024-01-03 09:19:14','2024-01-03 09:19:14'),(158,66,'84.54.75.194','list_servers',NULL,NULL,NULL,NULL,NULL,NULL,'2024-01-03 09:30:17','2024-01-03 09:30:17'),(159,66,'84.54.75.194','downloaded_config',NULL,NULL,NULL,NULL,NULL,NULL,'2024-01-03 09:30:20','2024-01-03 09:30:20'),(160,66,'84.54.75.194','downloaded_config',NULL,NULL,NULL,NULL,NULL,NULL,'2024-01-03 09:30:23','2024-01-03 09:30:23'),(161,66,'84.54.75.194','downloaded_config',NULL,NULL,NULL,NULL,NULL,NULL,'2024-01-03 09:32:02','2024-01-03 09:32:02'),(162,66,'84.54.75.194','downloaded_config',NULL,NULL,NULL,NULL,NULL,NULL,'2024-01-03 09:32:02','2024-01-03 09:32:02'),(163,66,'84.54.75.194','downloaded_config',NULL,NULL,NULL,NULL,NULL,NULL,'2024-01-03 09:32:02','2024-01-03 09:32:02'),(164,66,'84.54.75.194','downloaded_config',NULL,NULL,NULL,NULL,NULL,NULL,'2024-01-03 09:32:03','2024-01-03 09:32:03'),(165,67,'84.54.75.194','token_generated',NULL,NULL,NULL,NULL,NULL,NULL,'2024-01-03 09:36:27','2024-01-03 09:36:27'),(166,67,'84.54.75.194','list_servers',NULL,NULL,NULL,NULL,NULL,NULL,'2024-01-03 09:36:27','2024-01-03 09:36:27'),(167,67,'84.54.75.194','downloaded_config',NULL,NULL,NULL,NULL,NULL,NULL,'2024-01-03 09:36:39','2024-01-03 09:36:39'),(168,67,'84.54.75.194','downloaded_config',NULL,NULL,NULL,NULL,NULL,NULL,'2024-01-03 09:39:57','2024-01-03 09:39:57'),(169,67,'84.54.75.194','downloaded_config',NULL,NULL,NULL,NULL,NULL,NULL,'2024-01-03 10:09:22','2024-01-03 10:09:22'),(170,67,'94.158.63.211','list_servers',NULL,NULL,NULL,NULL,NULL,NULL,'2024-01-03 10:33:19','2024-01-03 10:33:19'),(171,67,'84.54.75.194','downloaded_config',NULL,NULL,NULL,NULL,NULL,NULL,'2024-01-03 10:33:36','2024-01-03 10:33:36'),(172,68,'94.158.63.211','token_generated',NULL,NULL,NULL,NULL,NULL,NULL,'2024-01-03 10:37:27','2024-01-03 10:37:27'),(173,68,'94.158.63.211','list_servers',NULL,NULL,NULL,NULL,NULL,NULL,'2024-01-03 10:37:27','2024-01-03 10:37:27'),(174,68,'94.158.63.211','downloaded_config',NULL,NULL,NULL,NULL,NULL,NULL,'2024-01-03 10:37:33','2024-01-03 10:37:33'),(175,68,'84.54.75.194','list_servers',NULL,NULL,NULL,NULL,NULL,NULL,'2024-01-03 11:00:43','2024-01-03 11:00:43'),(176,68,'84.54.75.194','downloaded_config',NULL,NULL,NULL,NULL,NULL,NULL,'2024-01-03 11:00:52','2024-01-03 11:00:52'),(177,68,'84.54.75.194','downloaded_config',NULL,NULL,NULL,NULL,NULL,NULL,'2024-01-03 11:01:11','2024-01-03 11:01:11'),(178,68,'84.54.75.194','list_servers',NULL,NULL,NULL,NULL,NULL,NULL,'2024-01-03 11:28:29','2024-01-03 11:28:29'),(179,68,'84.54.75.194','list_servers',NULL,NULL,NULL,NULL,NULL,NULL,'2024-01-03 11:29:23','2024-01-03 11:29:23'),(180,69,'84.54.75.194','token_generated',NULL,NULL,NULL,NULL,NULL,NULL,'2024-01-03 11:29:53','2024-01-03 11:29:53'),(181,69,'84.54.75.194','list_servers',NULL,NULL,NULL,NULL,NULL,NULL,'2024-01-03 11:29:53','2024-01-03 11:29:53'),(182,69,'84.54.75.194','list_servers',NULL,NULL,NULL,NULL,NULL,NULL,'2024-01-03 11:32:11','2024-01-03 11:32:11'),(183,69,'84.54.75.194','downloaded_config',NULL,NULL,NULL,NULL,NULL,NULL,'2024-01-03 11:32:17','2024-01-03 11:32:17'),(184,69,'93.114.133.234','list_servers',NULL,NULL,NULL,NULL,NULL,NULL,'2024-01-03 11:40:36','2024-01-03 11:40:36'),(185,69,'93.114.133.234','downloaded_config',NULL,NULL,NULL,NULL,NULL,NULL,'2024-01-03 11:40:39','2024-01-03 11:40:39'),(186,69,'84.54.75.194','downloaded_config',NULL,NULL,NULL,NULL,NULL,NULL,'2024-01-03 11:40:42','2024-01-03 11:40:42'),(187,69,'185.139.228.213','list_servers',NULL,NULL,NULL,NULL,NULL,NULL,'2024-01-03 12:03:31','2024-01-03 12:03:31'),(188,69,'185.139.228.213','list_servers',NULL,NULL,NULL,NULL,NULL,NULL,'2024-01-03 12:03:55','2024-01-03 12:03:55'),(189,70,'84.54.75.194','token_generated',NULL,NULL,NULL,NULL,NULL,NULL,'2024-01-03 12:04:27','2024-01-03 12:04:27'),(190,70,'84.54.75.194','list_servers',NULL,NULL,NULL,NULL,NULL,NULL,'2024-01-03 12:04:27','2024-01-03 12:04:27'),(191,70,'84.54.75.194','downloaded_config',NULL,NULL,NULL,NULL,NULL,NULL,'2024-01-03 12:04:54','2024-01-03 12:04:54'),(192,70,'93.114.133.234','downloaded_config',NULL,NULL,NULL,NULL,NULL,NULL,'2024-01-03 12:05:27','2024-01-03 12:05:27'),(193,70,'93.114.133.234','downloaded_config',NULL,NULL,NULL,NULL,NULL,NULL,'2024-01-03 12:05:30','2024-01-03 12:05:30'),(194,70,'93.114.133.234','list_servers',NULL,NULL,NULL,NULL,NULL,NULL,'2024-01-03 12:06:24','2024-01-03 12:06:24'),(195,70,'93.114.133.234','downloaded_config',NULL,NULL,NULL,NULL,NULL,NULL,'2024-01-03 12:06:54','2024-01-03 12:06:54'),(196,71,'84.54.75.194','token_generated',NULL,NULL,NULL,NULL,NULL,NULL,'2024-01-03 12:24:39','2024-01-03 12:24:39'),(197,71,'84.54.75.194','list_servers',NULL,NULL,NULL,NULL,NULL,NULL,'2024-01-03 12:24:39','2024-01-03 12:24:39'),(198,71,'84.54.75.194','downloaded_config',NULL,NULL,NULL,NULL,NULL,NULL,'2024-01-03 12:24:42','2024-01-03 12:24:42'),(199,71,'93.114.133.234','downloaded_config',NULL,NULL,NULL,NULL,NULL,NULL,'2024-01-03 12:27:44','2024-01-03 12:27:44'),(200,71,'93.114.133.234','downloaded_config',NULL,NULL,NULL,NULL,NULL,NULL,'2024-01-03 12:27:45','2024-01-03 12:27:45'),(201,71,'93.114.133.234','downloaded_config',NULL,NULL,NULL,NULL,NULL,NULL,'2024-01-03 12:28:38','2024-01-03 12:28:38'),(202,71,'93.114.133.234','downloaded_config',NULL,NULL,NULL,NULL,NULL,NULL,'2024-01-03 12:28:41','2024-01-03 12:28:41'),(203,71,'93.114.133.234','downloaded_config',NULL,NULL,NULL,NULL,NULL,NULL,'2024-01-03 12:28:41','2024-01-03 12:28:41'),(204,71,'93.114.133.234','downloaded_config',NULL,NULL,NULL,NULL,NULL,NULL,'2024-01-03 12:28:44','2024-01-03 12:28:44'),(205,71,'93.114.133.234','downloaded_config',NULL,NULL,NULL,NULL,NULL,NULL,'2024-01-03 12:28:44','2024-01-03 12:28:44'),(206,71,'93.114.133.234','list_servers',NULL,NULL,NULL,NULL,NULL,NULL,'2024-01-03 12:29:02','2024-01-03 12:29:02'),(207,71,'93.114.133.234','downloaded_config',NULL,NULL,NULL,NULL,NULL,NULL,'2024-01-03 12:31:20','2024-01-03 12:31:20'),(208,71,'84.54.75.194','downloaded_config',NULL,NULL,NULL,NULL,NULL,NULL,'2024-01-03 12:31:20','2024-01-03 12:31:20'),(209,71,'84.54.75.194','downloaded_config',NULL,NULL,NULL,NULL,NULL,NULL,'2024-01-03 12:31:26','2024-01-03 12:31:26'),(210,71,'84.54.75.194','downloaded_config',NULL,NULL,NULL,NULL,NULL,NULL,'2024-01-03 12:31:26','2024-01-03 12:31:26'),(211,71,'84.54.75.194','downloaded_config',NULL,NULL,NULL,NULL,NULL,NULL,'2024-01-03 12:31:26','2024-01-03 12:31:26'),(212,71,'84.54.75.194','downloaded_config',NULL,NULL,NULL,NULL,NULL,NULL,'2024-01-03 12:31:50','2024-01-03 12:31:50'),(213,72,'94.158.63.211','list_servers',NULL,NULL,NULL,NULL,NULL,NULL,'2024-01-03 12:32:29','2024-01-03 12:32:29'),(214,72,'94.158.63.211','token_generated',NULL,NULL,NULL,NULL,NULL,NULL,'2024-01-03 12:32:29','2024-01-03 12:32:29'),(215,72,'94.158.63.211','downloaded_config',NULL,NULL,NULL,NULL,NULL,NULL,'2024-01-03 12:32:35','2024-01-03 12:32:35'),(216,72,'93.114.133.234','downloaded_config',NULL,NULL,NULL,NULL,NULL,NULL,'2024-01-03 12:56:38','2024-01-03 12:56:38'),(217,72,'93.114.133.234','downloaded_config',NULL,NULL,NULL,NULL,NULL,NULL,'2024-01-03 12:56:38','2024-01-03 12:56:38'),(218,72,'93.114.133.234','downloaded_config',NULL,NULL,NULL,NULL,NULL,NULL,'2024-01-03 12:56:39','2024-01-03 12:56:39'),(219,72,'93.114.133.234','downloaded_config',NULL,NULL,NULL,NULL,NULL,NULL,'2024-01-03 12:56:41','2024-01-03 12:56:41'),(220,72,'93.114.133.234','downloaded_config',NULL,NULL,NULL,NULL,NULL,NULL,'2024-01-03 12:56:41','2024-01-03 12:56:41'),(221,72,'93.114.133.234','downloaded_config',NULL,NULL,NULL,NULL,NULL,NULL,'2024-01-03 12:56:41','2024-01-03 12:56:41'),(222,72,'93.114.133.234','downloaded_config',NULL,NULL,NULL,NULL,NULL,NULL,'2024-01-03 12:56:42','2024-01-03 12:56:42'),(223,72,'93.114.133.234','downloaded_config',NULL,NULL,NULL,NULL,NULL,NULL,'2024-01-03 12:56:42','2024-01-03 12:56:42'),(224,73,'84.54.75.194','token_generated',NULL,NULL,NULL,NULL,NULL,NULL,'2024-01-03 13:02:29','2024-01-03 13:02:29'),(225,73,'84.54.75.194','list_servers',NULL,NULL,NULL,NULL,NULL,NULL,'2024-01-03 13:02:29','2024-01-03 13:02:29'),(226,73,'84.54.75.194','list_servers',NULL,NULL,NULL,NULL,NULL,NULL,'2024-01-03 13:03:44','2024-01-03 13:03:44'),(227,73,'84.54.75.194','list_servers',NULL,NULL,NULL,NULL,NULL,NULL,'2024-01-03 13:04:53','2024-01-03 13:04:53'),(228,73,'94.158.63.211','list_servers',NULL,NULL,NULL,NULL,NULL,NULL,'2024-01-03 13:13:32','2024-01-03 13:13:32'),(229,73,'84.54.75.194','list_servers',NULL,NULL,NULL,NULL,NULL,NULL,'2024-01-03 13:14:14','2024-01-03 13:14:14'),(230,73,'84.54.75.194','list_servers',NULL,NULL,NULL,NULL,NULL,NULL,'2024-01-03 13:16:11','2024-01-03 13:16:11'),(231,73,'84.54.75.194','list_servers',NULL,NULL,NULL,NULL,NULL,NULL,'2024-01-03 13:20:39','2024-01-03 13:20:39'),(232,73,'94.158.63.211','list_servers',NULL,NULL,NULL,NULL,NULL,NULL,'2024-01-03 13:23:22','2024-01-03 13:23:22'),(233,73,'84.54.75.194','list_servers',NULL,NULL,NULL,NULL,NULL,NULL,'2024-01-03 13:24:55','2024-01-03 13:24:55'),(234,73,'84.54.75.194','downloaded_config',NULL,NULL,NULL,NULL,NULL,NULL,'2024-01-03 13:33:44','2024-01-03 13:33:44'),(235,73,'84.54.75.194','downloaded_config',NULL,NULL,NULL,NULL,NULL,NULL,'2024-01-03 13:33:53','2024-01-03 13:33:53'),(236,74,'213.230.82.68','token_generated',NULL,NULL,NULL,NULL,NULL,NULL,'2024-01-03 13:33:56','2024-01-03 13:33:56'),(237,74,'213.230.82.68','list_servers',NULL,NULL,NULL,NULL,NULL,NULL,'2024-01-03 13:34:05','2024-01-03 13:34:05'),(238,73,'84.54.75.194','downloaded_config',NULL,NULL,NULL,NULL,NULL,NULL,'2024-01-03 13:35:08','2024-01-03 13:35:08'),(239,73,'84.54.75.194','downloaded_config',NULL,NULL,NULL,NULL,NULL,NULL,'2024-01-03 13:35:11','2024-01-03 13:35:11'),(240,73,'84.54.75.194','downloaded_config',NULL,NULL,NULL,NULL,NULL,NULL,'2024-01-03 13:35:17','2024-01-03 13:35:17'),(241,73,'84.54.75.194','downloaded_config',NULL,NULL,NULL,NULL,NULL,NULL,'2024-01-03 13:36:26','2024-01-03 13:36:26'),(242,73,'84.54.75.194','downloaded_config',NULL,NULL,NULL,NULL,NULL,NULL,'2024-01-03 13:36:44','2024-01-03 13:36:44'),(243,73,'84.54.75.194','downloaded_config',NULL,NULL,NULL,NULL,NULL,NULL,'2024-01-03 13:36:53','2024-01-03 13:36:53'),(244,74,'213.230.82.68','downloaded_config',NULL,NULL,NULL,NULL,NULL,NULL,'2024-01-03 13:37:35','2024-01-03 13:37:35'),(245,73,'84.54.75.194','list_servers',NULL,NULL,NULL,NULL,NULL,NULL,'2024-01-03 13:43:57','2024-01-03 13:43:57'),(246,73,'84.54.75.194','downloaded_config',NULL,NULL,NULL,NULL,NULL,NULL,'2024-01-03 13:44:00','2024-01-03 13:44:00'),(247,73,'93.114.133.234','list_servers',NULL,NULL,NULL,NULL,NULL,NULL,'2024-01-03 13:44:27','2024-01-03 13:44:27'),(248,74,'213.230.82.68','downloaded_config',NULL,NULL,NULL,NULL,NULL,NULL,'2024-01-03 13:47:24','2024-01-03 13:47:24'),(249,74,'213.230.82.68','list_servers',NULL,NULL,NULL,NULL,NULL,NULL,'2024-01-03 13:47:39','2024-01-03 13:47:39'),(250,63,'84.54.75.194','list_servers',NULL,NULL,NULL,NULL,NULL,NULL,'2024-01-03 13:47:42','2024-01-03 13:47:42'),(251,63,'84.54.75.194','list_servers',NULL,NULL,NULL,NULL,NULL,NULL,'2024-01-03 13:47:45','2024-01-03 13:47:45'),(252,73,'84.54.75.194','list_servers',NULL,NULL,NULL,NULL,NULL,NULL,'2024-01-03 13:47:57','2024-01-03 13:47:57'),(253,73,'94.158.63.211','downloaded_config',NULL,NULL,NULL,NULL,NULL,NULL,'2024-01-03 13:48:18','2024-01-03 13:48:18'),(254,73,'185.139.228.213','downloaded_config',NULL,NULL,NULL,NULL,NULL,NULL,'2024-01-03 13:48:54','2024-01-03 13:48:54'),(255,73,'185.139.228.213','list_servers',NULL,NULL,NULL,NULL,NULL,NULL,'2024-01-03 13:49:06','2024-01-03 13:49:06'),(256,63,'84.54.75.194','list_servers',NULL,NULL,NULL,NULL,NULL,NULL,'2024-01-03 13:49:48','2024-01-03 13:49:48'),(257,63,'84.54.75.194','list_servers',NULL,NULL,NULL,NULL,NULL,NULL,'2024-01-03 13:49:48','2024-01-03 13:49:48'),(258,63,'84.54.75.194','list_servers',NULL,NULL,NULL,NULL,NULL,NULL,'2024-01-03 13:49:48','2024-01-03 13:49:48'),(259,63,'84.54.75.194','list_servers',NULL,NULL,NULL,NULL,NULL,NULL,'2024-01-03 13:49:51','2024-01-03 13:49:51'),(260,74,'213.230.82.68','list_servers',NULL,NULL,NULL,NULL,NULL,NULL,'2024-01-03 13:51:12','2024-01-03 13:51:12'),(261,74,'213.230.82.68','downloaded_config',NULL,NULL,NULL,NULL,NULL,NULL,'2024-01-03 13:51:39','2024-01-03 13:51:39'),(262,63,'94.158.63.211','list_servers',NULL,NULL,NULL,NULL,NULL,NULL,'2024-01-03 13:52:04','2024-01-03 13:52:04'),(263,73,'84.54.75.194','list_servers',NULL,NULL,NULL,NULL,NULL,NULL,'2024-01-03 13:53:18','2024-01-03 13:53:18'),(264,73,'84.54.75.194','downloaded_config',NULL,NULL,NULL,NULL,NULL,NULL,'2024-01-03 13:53:21','2024-01-03 13:53:21'),(265,63,'94.158.63.211','downloaded_config',NULL,NULL,NULL,NULL,NULL,NULL,'2024-01-03 13:56:22','2024-01-03 13:56:22'),(266,63,'94.158.63.211','downloaded_config',NULL,NULL,NULL,NULL,NULL,NULL,'2024-01-03 13:56:25','2024-01-03 13:56:25'),(267,63,'94.158.63.211','downloaded_config',NULL,NULL,NULL,NULL,NULL,NULL,'2024-01-03 13:56:25','2024-01-03 13:56:25'),(268,63,'84.54.75.194','downloaded_config',NULL,NULL,NULL,NULL,NULL,NULL,'2024-01-03 13:56:28','2024-01-03 13:56:28'),(269,63,'84.54.75.194','downloaded_config',NULL,NULL,NULL,NULL,NULL,NULL,'2024-01-03 13:56:28','2024-01-03 13:56:28'),(270,63,'84.54.75.194','downloaded_config',NULL,NULL,NULL,NULL,NULL,NULL,'2024-01-03 13:56:28','2024-01-03 13:56:28'),(271,63,'84.54.75.194','downloaded_config',NULL,NULL,NULL,NULL,NULL,NULL,'2024-01-03 13:56:28','2024-01-03 13:56:28'),(272,63,'84.54.75.194','downloaded_config',NULL,NULL,NULL,NULL,NULL,NULL,'2024-01-03 13:56:28','2024-01-03 13:56:28'),(273,63,'84.54.75.194','downloaded_config',NULL,NULL,NULL,NULL,NULL,NULL,'2024-01-03 13:56:28','2024-01-03 13:56:28'),(274,63,'84.54.75.194','downloaded_config',NULL,NULL,NULL,NULL,NULL,NULL,'2024-01-03 13:56:28','2024-01-03 13:56:28'),(275,63,'84.54.75.194','downloaded_config',NULL,NULL,NULL,NULL,NULL,NULL,'2024-01-03 13:56:28','2024-01-03 13:56:28'),(276,63,'84.54.75.194','downloaded_config',NULL,NULL,NULL,NULL,NULL,NULL,'2024-01-03 13:56:31','2024-01-03 13:56:31'),(277,63,'94.158.63.211','downloaded_config',NULL,NULL,NULL,NULL,NULL,NULL,'2024-01-03 13:56:31','2024-01-03 13:56:31'),(278,63,'94.158.63.211','downloaded_config',NULL,NULL,NULL,NULL,NULL,NULL,'2024-01-03 13:56:32','2024-01-03 13:56:32'),(279,63,'84.54.75.194','downloaded_config',NULL,NULL,NULL,NULL,NULL,NULL,'2024-01-03 13:56:37','2024-01-03 13:56:37'),(280,70,'84.54.75.194','list_servers',NULL,NULL,NULL,NULL,NULL,NULL,'2024-01-03 14:15:30','2024-01-03 14:15:30'),(281,70,'84.54.75.194','downloaded_config',NULL,NULL,NULL,NULL,NULL,NULL,'2024-01-03 14:16:09','2024-01-03 14:16:09'),(282,70,'84.54.75.194','downloaded_config',NULL,NULL,NULL,NULL,NULL,NULL,'2024-01-03 14:18:48','2024-01-03 14:18:48'),(283,70,'84.54.75.194','downloaded_config',NULL,NULL,NULL,NULL,NULL,NULL,'2024-01-03 14:19:15','2024-01-03 14:19:15'),(284,70,'84.54.75.194','downloaded_config',NULL,NULL,NULL,NULL,NULL,NULL,'2024-01-03 14:19:27','2024-01-03 14:19:27'),(285,73,'185.139.228.213','downloaded_config',NULL,NULL,NULL,NULL,NULL,NULL,'2024-01-03 21:08:29','2024-01-03 21:08:29'),(286,75,'213.230.82.68','token_generated',NULL,NULL,NULL,NULL,NULL,NULL,'2024-01-04 03:57:27','2024-01-04 03:57:27'),(287,74,'213.230.82.68','list_servers',NULL,NULL,NULL,NULL,NULL,NULL,'2024-01-04 03:57:30','2024-01-04 03:57:30'),(288,74,'213.230.82.68','list_servers',NULL,NULL,NULL,NULL,NULL,NULL,'2024-01-04 03:57:31','2024-01-04 03:57:31'),(289,74,'213.230.82.68','list_servers',NULL,NULL,NULL,NULL,NULL,NULL,'2024-01-04 03:57:31','2024-01-04 03:57:31'),(290,74,'213.230.82.68','list_servers',NULL,NULL,NULL,NULL,NULL,NULL,'2024-01-04 03:57:33','2024-01-04 03:57:33'),(291,74,'213.230.82.68','list_servers',NULL,NULL,NULL,NULL,NULL,NULL,'2024-01-04 03:57:33','2024-01-04 03:57:33'),(292,74,'213.230.82.68','list_servers',NULL,NULL,NULL,NULL,NULL,NULL,'2024-01-04 03:57:39','2024-01-04 03:57:39'),(293,74,'213.230.82.68','downloaded_config',NULL,NULL,NULL,NULL,NULL,NULL,'2024-01-04 03:57:43','2024-01-04 03:57:43'),(294,74,'213.230.82.68','downloaded_config',NULL,NULL,NULL,NULL,NULL,NULL,'2024-01-04 03:57:43','2024-01-04 03:57:43'),(295,74,'213.230.82.68','downloaded_config',NULL,NULL,NULL,NULL,NULL,NULL,'2024-01-04 03:57:43','2024-01-04 03:57:43'),(296,74,'213.230.82.68','downloaded_config',NULL,NULL,NULL,NULL,NULL,NULL,'2024-01-04 03:57:43','2024-01-04 03:57:43'),(297,74,'213.230.82.68','downloaded_config',NULL,NULL,NULL,NULL,NULL,NULL,'2024-01-04 03:57:45','2024-01-04 03:57:45'),(298,74,'213.230.82.68','downloaded_config',NULL,NULL,NULL,NULL,NULL,NULL,'2024-01-04 03:57:45','2024-01-04 03:57:45'),(299,74,'213.230.82.68','downloaded_config',NULL,NULL,NULL,NULL,NULL,NULL,'2024-01-04 03:57:48','2024-01-04 03:57:48'),(300,74,'213.230.82.68','downloaded_config',NULL,NULL,NULL,NULL,NULL,NULL,'2024-01-04 03:57:48','2024-01-04 03:57:48'),(301,74,'213.230.82.68','downloaded_config',NULL,NULL,NULL,NULL,NULL,NULL,'2024-01-04 03:57:48','2024-01-04 03:57:48'),(302,74,'213.230.82.68','downloaded_config',NULL,NULL,NULL,NULL,NULL,NULL,'2024-01-04 03:57:48','2024-01-04 03:57:48'),(303,74,'213.230.82.68','downloaded_config',NULL,NULL,NULL,NULL,NULL,NULL,'2024-01-04 03:57:51','2024-01-04 03:57:51'),(304,74,'213.230.82.68','downloaded_config',NULL,NULL,NULL,NULL,NULL,NULL,'2024-01-04 03:57:51','2024-01-04 03:57:51'),(305,74,'213.230.82.68','downloaded_config',NULL,NULL,NULL,NULL,NULL,NULL,'2024-01-04 03:57:51','2024-01-04 03:57:51'),(306,74,'213.230.82.68','downloaded_config',NULL,NULL,NULL,NULL,NULL,NULL,'2024-01-04 03:57:51','2024-01-04 03:57:51'),(307,74,'213.230.82.68','downloaded_config',NULL,NULL,NULL,NULL,NULL,NULL,'2024-01-04 03:57:51','2024-01-04 03:57:51'),(308,74,'213.230.82.68','downloaded_config',NULL,NULL,NULL,NULL,NULL,NULL,'2024-01-04 03:57:54','2024-01-04 03:57:54'),(309,74,'213.230.82.68','downloaded_config',NULL,NULL,NULL,NULL,NULL,NULL,'2024-01-04 03:57:54','2024-01-04 03:57:54'),(310,74,'213.230.82.68','downloaded_config',NULL,NULL,NULL,NULL,NULL,NULL,'2024-01-04 03:57:54','2024-01-04 03:57:54'),(311,74,'213.230.82.68','downloaded_config',NULL,NULL,NULL,NULL,NULL,NULL,'2024-01-04 03:57:54','2024-01-04 03:57:54'),(312,74,'213.230.82.68','downloaded_config',NULL,NULL,NULL,NULL,NULL,NULL,'2024-01-04 03:57:57','2024-01-04 03:57:57'),(313,74,'213.230.82.68','downloaded_config',NULL,NULL,NULL,NULL,NULL,NULL,'2024-01-04 03:57:57','2024-01-04 03:57:57'),(314,74,'213.230.82.68','downloaded_config',NULL,NULL,NULL,NULL,NULL,NULL,'2024-01-04 03:57:57','2024-01-04 03:57:57'),(315,74,'213.230.82.68','downloaded_config',NULL,NULL,NULL,NULL,NULL,NULL,'2024-01-04 03:57:57','2024-01-04 03:57:57'),(316,74,'213.230.82.68','downloaded_config',NULL,NULL,NULL,NULL,NULL,NULL,'2024-01-04 03:58:00','2024-01-04 03:58:00'),(317,74,'213.230.82.68','downloaded_config',NULL,NULL,NULL,NULL,NULL,NULL,'2024-01-04 03:58:00','2024-01-04 03:58:00'),(318,74,'213.230.82.68','downloaded_config',NULL,NULL,NULL,NULL,NULL,NULL,'2024-01-04 03:58:00','2024-01-04 03:58:00'),(319,74,'213.230.82.68','downloaded_config',NULL,NULL,NULL,NULL,NULL,NULL,'2024-01-04 03:58:00','2024-01-04 03:58:00'),(320,74,'213.230.82.68','downloaded_config',NULL,NULL,NULL,NULL,NULL,NULL,'2024-01-04 03:58:03','2024-01-04 03:58:03'),(321,74,'213.230.82.68','downloaded_config',NULL,NULL,NULL,NULL,NULL,NULL,'2024-01-04 03:58:03','2024-01-04 03:58:03'),(322,74,'213.230.82.68','downloaded_config',NULL,NULL,NULL,NULL,NULL,NULL,'2024-01-04 03:58:03','2024-01-04 03:58:03'),(323,74,'213.230.82.68','downloaded_config',NULL,NULL,NULL,NULL,NULL,NULL,'2024-01-04 03:58:03','2024-01-04 03:58:03'),(324,74,'213.230.82.68','downloaded_config',NULL,NULL,NULL,NULL,NULL,NULL,'2024-01-04 03:58:03','2024-01-04 03:58:03'),(325,74,'213.230.82.68','downloaded_config',NULL,NULL,NULL,NULL,NULL,NULL,'2024-01-04 03:58:06','2024-01-04 03:58:06'),(326,74,'213.230.82.68','downloaded_config',NULL,NULL,NULL,NULL,NULL,NULL,'2024-01-04 03:58:06','2024-01-04 03:58:06'),(327,74,'213.230.82.68','downloaded_config',NULL,NULL,NULL,NULL,NULL,NULL,'2024-01-04 03:58:06','2024-01-04 03:58:06'),(328,74,'213.230.82.68','downloaded_config',NULL,NULL,NULL,NULL,NULL,NULL,'2024-01-04 03:58:07','2024-01-04 03:58:07'),(329,74,'213.230.82.68','downloaded_config',NULL,NULL,NULL,NULL,NULL,NULL,'2024-01-04 03:59:13','2024-01-04 03:59:13'),(330,74,'213.230.82.68','downloaded_config',NULL,NULL,NULL,NULL,NULL,NULL,'2024-01-04 03:59:13','2024-01-04 03:59:13'),(331,74,'213.230.82.68','downloaded_config',NULL,NULL,NULL,NULL,NULL,NULL,'2024-01-04 03:59:14','2024-01-04 03:59:14'),(332,74,'213.230.82.68','downloaded_config',NULL,NULL,NULL,NULL,NULL,NULL,'2024-01-04 03:59:14','2024-01-04 03:59:14'),(333,74,'213.230.82.68','downloaded_config',NULL,NULL,NULL,NULL,NULL,NULL,'2024-01-04 03:59:16','2024-01-04 03:59:16'),(334,74,'213.230.82.68','downloaded_config',NULL,NULL,NULL,NULL,NULL,NULL,'2024-01-04 03:59:16','2024-01-04 03:59:16'),(335,74,'213.230.82.68','downloaded_config',NULL,NULL,NULL,NULL,NULL,NULL,'2024-01-04 03:59:17','2024-01-04 03:59:17'),(336,74,'213.230.82.68','downloaded_config',NULL,NULL,NULL,NULL,NULL,NULL,'2024-01-04 03:59:40','2024-01-04 03:59:40'),(337,74,'213.230.82.68','downloaded_config',NULL,NULL,NULL,NULL,NULL,NULL,'2024-01-04 04:00:24','2024-01-04 04:00:24');
/*!40000 ALTER TABLE `client_logs` ENABLE KEYS */;
UNLOCK TABLES;

--
-- Table structure for table `client_pritunl_user_connections`
--

DROP TABLE IF EXISTS `client_pritunl_user_connections`;
/*!40101 SET @saved_cs_client     = @@character_set_client */;
/*!50503 SET character_set_client = utf8mb4 */;
CREATE TABLE `client_pritunl_user_connections` (
  `id` bigint unsigned NOT NULL AUTO_INCREMENT,
  `client_id` bigint unsigned NOT NULL,
  `pritunl_user_id` bigint unsigned NOT NULL,
  `status` enum('connected','disconnected','idle') COLLATE utf8mb4_unicode_ci NOT NULL DEFAULT 'connected',
  `connected_at` datetime DEFAULT NULL,
  `disconnected_at` datetime DEFAULT NULL,
  PRIMARY KEY (`id`),
  KEY `client_pritunl_user_connections_client_id_foreign` (`client_id`),
  KEY `client_pritunl_user_connections_pritunl_user_id_foreign` (`pritunl_user_id`),
  CONSTRAINT `client_pritunl_user_connections_client_id_foreign` FOREIGN KEY (`client_id`) REFERENCES `clients` (`id`) ON DELETE CASCADE,
  CONSTRAINT `client_pritunl_user_connections_pritunl_user_id_foreign` FOREIGN KEY (`pritunl_user_id`) REFERENCES `pritunl_users` (`id`) ON DELETE CASCADE
) ENGINE=InnoDB AUTO_INCREMENT=175 DEFAULT CHARSET=utf8mb4 COLLATE=utf8mb4_unicode_ci;
/*!40101 SET character_set_client = @saved_cs_client */;

--
-- Dumping data for table `client_pritunl_user_connections`
--

LOCK TABLES `client_pritunl_user_connections` WRITE;
/*!40000 ALTER TABLE `client_pritunl_user_connections` DISABLE KEYS */;
INSERT INTO `client_pritunl_user_connections` VALUES (31,19,54,'disconnected',NULL,'2023-12-28 12:01:37'),(32,19,55,'disconnected',NULL,'2023-12-28 12:02:17'),(33,19,56,'disconnected',NULL,'2023-12-28 12:03:08'),(34,19,57,'disconnected','2023-12-28 12:03:09','2023-12-28 12:06:45'),(35,19,132,'disconnected',NULL,'2023-12-28 12:08:08'),(36,19,58,'disconnected','2023-12-28 12:08:08','2023-12-28 12:09:24'),(37,19,160,'disconnected','2023-12-28 12:09:24','2023-12-28 12:09:26'),(38,19,161,'disconnected','2023-12-28 12:09:26','2023-12-28 12:09:27'),(39,19,162,'disconnected','2023-12-28 12:09:27','2023-12-28 12:09:29'),(40,19,163,'disconnected','2023-12-28 12:09:29','2023-12-29 15:48:57'),(41,19,54,'connected','2023-12-29 15:48:57',NULL),(42,21,132,'disconnected','2023-12-29 16:42:18','2023-12-29 16:42:32'),(43,21,160,'connected','2023-12-29 16:42:32',NULL),(44,33,55,'connected','2023-12-29 16:55:44',NULL),(45,36,161,'disconnected',NULL,'2023-12-29 16:58:22'),(46,36,162,'connected','2023-12-29 16:58:22',NULL),(47,37,163,'idle',NULL,NULL),(48,61,132,'idle',NULL,NULL),(49,66,132,'disconnected','2024-01-03 10:19:11','2024-01-03 10:19:11'),(50,66,160,'disconnected',NULL,'2024-01-03 10:19:14'),(51,66,161,'disconnected','2024-01-03 10:19:14','2024-01-03 10:19:14'),(52,66,161,'disconnected','2024-01-03 10:19:14','2024-01-03 10:30:20'),(53,66,162,'disconnected',NULL,'2024-01-03 10:30:23'),(54,66,163,'disconnected','2024-01-03 10:30:23','2024-01-03 10:32:02'),(55,66,164,'disconnected',NULL,'2024-01-03 10:32:02'),(56,66,164,'disconnected',NULL,'2024-01-03 10:32:02'),(57,66,164,'disconnected',NULL,'2024-01-03 10:32:03'),(58,66,165,'connected','2024-01-03 10:32:03',NULL),(59,67,166,'disconnected',NULL,'2024-01-03 10:39:57'),(60,67,167,'disconnected','2024-01-03 10:39:57','2024-01-03 11:09:22'),(61,67,168,'disconnected',NULL,'2024-01-03 11:33:36'),(62,67,169,'connected','2024-01-03 11:33:57',NULL),(63,68,170,'disconnected','2024-01-03 11:37:36','2024-01-03 12:00:52'),(64,68,54,'disconnected','2024-01-03 12:00:56','2024-01-03 12:01:11'),(65,68,55,'idle',NULL,NULL),(66,69,171,'disconnected','2024-01-03 12:32:20','2024-01-03 12:40:39'),(67,69,56,'disconnected','2024-01-03 12:40:39','2024-01-03 12:40:42'),(68,69,57,'idle',NULL,NULL),(69,70,172,'disconnected',NULL,'2024-01-03 13:05:27'),(70,70,173,'disconnected','2024-01-03 13:05:27','2024-01-03 13:05:30'),(71,70,174,'disconnected',NULL,'2024-01-03 13:06:54'),(72,70,175,'disconnected','2024-01-03 13:06:54','2024-01-03 15:16:09'),(73,71,176,'disconnected',NULL,'2024-01-03 13:27:44'),(74,71,177,'disconnected','2024-01-03 13:27:44','2024-01-03 13:27:45'),(75,71,178,'disconnected','2024-01-03 13:28:38','2024-01-03 13:28:38'),(76,71,179,'disconnected',NULL,'2024-01-03 13:28:41'),(77,71,180,'disconnected','2024-01-03 13:28:41','2024-01-03 13:28:41'),(78,71,180,'disconnected','2024-01-03 13:28:41','2024-01-03 13:28:44'),(79,71,181,'disconnected',NULL,'2024-01-03 13:28:44'),(80,71,181,'disconnected',NULL,'2024-01-03 13:31:20'),(81,71,182,'connected','2024-01-03 13:31:20','2024-01-03 13:31:20'),(82,71,182,'disconnected',NULL,'2024-01-03 13:31:26'),(83,71,183,'disconnected','2024-01-03 13:31:26','2024-01-03 13:31:26'),(84,71,183,'disconnected','2024-01-03 13:31:26','2024-01-03 13:31:26'),(85,71,183,'disconnected','2024-01-03 13:31:26','2024-01-03 13:31:50'),(86,71,184,'idle',NULL,NULL),(87,72,185,'disconnected',NULL,'2024-01-03 13:56:38'),(88,72,186,'disconnected',NULL,'2024-01-03 13:56:38'),(89,72,186,'disconnected',NULL,'2024-01-03 13:56:39'),(90,72,187,'disconnected',NULL,'2024-01-03 13:56:41'),(91,72,188,'disconnected',NULL,'2024-01-03 13:56:41'),(92,72,188,'disconnected',NULL,'2024-01-03 13:56:41'),(93,72,188,'disconnected',NULL,'2024-01-03 13:56:42'),(94,72,190,'disconnected',NULL,'2024-01-03 13:56:42'),(95,72,190,'idle',NULL,NULL),(96,73,58,'disconnected',NULL,'2024-01-03 14:33:53'),(97,73,59,'disconnected',NULL,'2024-01-03 14:35:08'),(98,73,64,'disconnected',NULL,'2024-01-03 14:35:11'),(99,73,65,'disconnected',NULL,'2024-01-03 14:35:17'),(100,73,66,'disconnected',NULL,'2024-01-03 14:36:26'),(101,73,175,'disconnected',NULL,'2024-01-03 14:36:44'),(102,73,132,'disconnected',NULL,'2024-01-03 14:36:53'),(103,73,54,'disconnected',NULL,'2024-01-03 14:44:00'),(104,74,160,'disconnected',NULL,'2024-01-03 14:47:24'),(105,73,132,'disconnected',NULL,'2024-01-03 14:48:18'),(106,74,54,'disconnected',NULL,'2024-01-03 14:51:39'),(107,73,55,'disconnected',NULL,'2024-01-03 14:48:54'),(108,73,56,'disconnected',NULL,'2024-01-03 14:53:21'),(109,74,57,'disconnected','2024-01-03 14:51:42','2024-01-03 14:51:45'),(110,73,57,'disconnected',NULL,'2024-01-03 22:08:29'),(111,63,132,'disconnected',NULL,'2024-01-03 14:56:25'),(112,63,160,'disconnected',NULL,'2024-01-03 14:56:25'),(113,63,160,'disconnected',NULL,'2024-01-03 14:56:28'),(114,63,161,'disconnected',NULL,'2024-01-03 14:56:28'),(115,63,161,'idle',NULL,NULL),(116,63,161,'disconnected',NULL,'2024-01-03 14:56:28'),(117,63,161,'disconnected',NULL,'2024-01-03 14:56:28'),(118,63,161,'idle',NULL,NULL),(119,63,161,'disconnected',NULL,'2024-01-03 14:56:28'),(120,63,161,'disconnected',NULL,'2024-01-03 14:56:28'),(121,63,162,'disconnected',NULL,'2024-01-03 14:56:31'),(122,63,163,'idle',NULL,NULL),(123,63,163,'disconnected',NULL,'2024-01-03 14:56:32'),(124,63,163,'disconnected',NULL,'2024-01-03 14:56:56'),(125,70,58,'disconnected',NULL,'2024-01-03 15:18:48'),(126,70,59,'disconnected',NULL,'2024-01-03 15:19:15'),(127,70,64,'disconnected',NULL,'2024-01-03 15:19:27'),(128,70,165,'idle',NULL,NULL),(129,73,65,'idle',NULL,NULL),(130,74,66,'idle',NULL,NULL),(131,74,66,'disconnected',NULL,'2024-01-04 04:57:44'),(132,74,66,'disconnected',NULL,'2024-01-04 04:57:45'),(133,74,66,'idle',NULL,NULL),(134,74,67,'disconnected',NULL,'2024-01-04 04:57:45'),(135,74,68,'disconnected',NULL,'2024-01-04 04:57:48'),(136,74,69,'disconnected',NULL,'2024-01-04 04:57:48'),(137,74,69,'disconnected',NULL,'2024-01-04 04:57:48'),(138,74,69,'disconnected',NULL,'2024-01-04 04:57:48'),(139,74,69,'disconnected',NULL,'2024-01-04 04:57:51'),(140,74,70,'disconnected',NULL,'2024-01-04 04:57:51'),(141,74,70,'disconnected',NULL,'2024-01-04 04:57:51'),(142,74,70,'disconnected',NULL,'2024-01-04 04:57:51'),(143,74,70,'disconnected',NULL,'2024-01-04 04:57:51'),(144,74,71,'disconnected',NULL,'2024-01-04 04:57:54'),(145,74,72,'disconnected',NULL,'2024-01-04 04:57:54'),(146,74,72,'disconnected',NULL,'2024-01-04 04:57:54'),(147,74,72,'disconnected',NULL,'2024-01-04 04:57:54'),(148,74,73,'disconnected',NULL,'2024-01-04 04:57:57'),(149,74,74,'disconnected',NULL,'2024-01-04 04:57:57'),(150,74,74,'disconnected',NULL,'2024-01-04 04:57:57'),(151,74,74,'disconnected',NULL,'2024-01-04 04:57:57'),(152,74,74,'disconnected',NULL,'2024-01-04 04:58:00'),(153,74,75,'disconnected',NULL,'2024-01-04 04:58:00'),(154,74,75,'disconnected',NULL,'2024-01-04 04:58:00'),(155,74,75,'disconnected',NULL,'2024-01-04 04:58:00'),(156,74,75,'disconnected',NULL,'2024-01-04 04:58:03'),(157,74,76,'disconnected',NULL,'2024-01-04 04:58:03'),(158,74,76,'disconnected',NULL,'2024-01-04 04:58:03'),(159,74,76,'disconnected',NULL,'2024-01-04 04:58:03'),(160,74,76,'disconnected',NULL,'2024-01-04 04:58:03'),(161,74,77,'disconnected',NULL,'2024-01-04 04:58:06'),(162,74,78,'disconnected',NULL,'2024-01-04 04:58:06'),(163,74,78,'disconnected',NULL,'2024-01-04 04:58:06'),(164,74,78,'disconnected',NULL,'2024-01-04 04:58:07'),(165,74,78,'disconnected','2024-01-04 04:58:13','2024-01-04 04:58:17'),(166,74,78,'disconnected',NULL,'2024-01-04 04:59:13'),(167,74,78,'disconnected',NULL,'2024-01-04 04:59:14'),(168,74,79,'disconnected',NULL,'2024-01-04 04:59:14'),(169,74,79,'disconnected',NULL,'2024-01-04 04:59:16'),(170,74,80,'disconnected',NULL,'2024-01-04 04:59:16'),(171,74,80,'disconnected',NULL,'2024-01-04 04:59:17'),(172,74,81,'disconnected',NULL,'2024-01-04 04:59:40'),(173,74,82,'disconnected',NULL,'2024-01-04 05:00:24'),(174,74,83,'idle',NULL,NULL);
/*!40000 ALTER TABLE `client_pritunl_user_connections` ENABLE KEYS */;
UNLOCK TABLES;

--
-- Table structure for table `clients`
--

DROP TABLE IF EXISTS `clients`;
/*!40101 SET @saved_cs_client     = @@character_set_client */;
/*!50503 SET character_set_client = utf8mb4 */;
CREATE TABLE `clients` (
  `id` bigint unsigned NOT NULL AUTO_INCREMENT,
  `uuid` char(36) COLLATE utf8mb4_unicode_ci NOT NULL,
  `os_type` varchar(20) COLLATE utf8mb4_unicode_ci NOT NULL,
  `os_version` varchar(20) COLLATE utf8mb4_unicode_ci NOT NULL,
  `model` varchar(50) COLLATE utf8mb4_unicode_ci NOT NULL,
  `status` varchar(50) COLLATE utf8mb4_unicode_ci NOT NULL DEFAULT 'active',
  `email` varchar(255) COLLATE utf8mb4_unicode_ci DEFAULT NULL,
  `name` varchar(255) COLLATE utf8mb4_unicode_ci DEFAULT NULL,
  `last_used_at` datetime DEFAULT NULL,
  `created_at` timestamp NULL DEFAULT NULL,
  `updated_at` timestamp NULL DEFAULT NULL,
  PRIMARY KEY (`id`),
  UNIQUE KEY `clients_uuid_unique` (`uuid`),
  UNIQUE KEY `clients_email_unique` (`email`)
) ENGINE=InnoDB AUTO_INCREMENT=76 DEFAULT CHARSET=utf8mb4 COLLATE=utf8mb4_unicode_ci;
/*!40101 SET character_set_client = @saved_cs_client */;

--
-- Dumping data for table `clients`
--

LOCK TABLES `clients` WRITE;
/*!40000 ALTER TABLE `clients` DISABLE KEYS */;
INSERT INTO `clients` VALUES (8,'0ba7320b-cfe0-4194-aa65-1dad65ce857a','android','12','galaxy a13','active',NULL,NULL,'2023-12-28 11:11:13','2023-12-28 10:11:11','2023-12-28 10:11:13'),(9,'90e74ed5-f9a7-4b4f-bf70-55e48489ab34','android','12','galaxy a13','active',NULL,NULL,'2023-12-28 11:12:22','2023-12-28 10:12:21','2023-12-28 10:12:22'),(10,'d7841a87-4ffe-4134-a8a4-92b06082acd6','android','12','galaxy a13','active',NULL,NULL,'2023-12-28 11:12:58','2023-12-28 10:12:57','2023-12-28 10:12:58'),(11,'5fb98c28-141d-4927-b212-835c8067fd44','android','12','galaxy a13','active',NULL,NULL,'2023-12-28 11:13:04','2023-12-28 10:13:02','2023-12-28 10:13:04'),(12,'05111e68-79b2-4360-8ae8-50979b3e3106','android','12','galaxy a13','active',NULL,NULL,'2023-12-28 11:15:31','2023-12-28 10:15:31','2023-12-28 10:15:31'),(13,'8525ffd5-c123-4450-8018-940c8d0ad17a','android','12','galaxy a13','active',NULL,NULL,'2023-12-28 11:16:05','2023-12-28 10:16:05','2023-12-28 10:16:05'),(14,'fe77d754-0d5a-4de5-aaac-25e171637d2f','android','12','galaxy a13','active',NULL,NULL,'2023-12-28 11:20:39','2023-12-28 10:20:36','2023-12-28 10:20:39'),(15,'c64fcc66-6dc7-4ad8-a0d4-0ab1c7798615','android','12','galaxy a13','active',NULL,NULL,'2023-12-28 11:22:39','2023-12-28 10:22:38','2023-12-28 10:22:39'),(16,'7e4171b5-0c9a-478e-8828-ca43a87ac44d','android','12','galaxy a13','active',NULL,NULL,'2023-12-28 11:24:12','2023-12-28 10:24:09','2023-12-28 10:24:12'),(17,'deb61919-b9be-4382-ac21-e13a99857557','android','12','galaxy a13','active',NULL,NULL,'2023-12-28 11:25:48','2023-12-28 10:25:47','2023-12-28 10:25:48'),(18,'5adaa3f7-d072-4268-a8da-f590058c0a04','android','12','galaxy a13','active',NULL,NULL,'2023-12-28 11:27:06','2023-12-28 10:27:05','2023-12-28 10:27:06'),(19,'46c23aa5-e32a-409b-8206-cca82c848ac6','android','12','galaxy a13','active',NULL,NULL,'2023-12-29 15:48:59','2023-12-28 10:27:06','2023-12-29 14:48:59'),(20,'81719ed4-5bcf-47c2-8206-88642dbde9c9','android','12','galaxy a13','active',NULL,NULL,'2023-12-29 16:35:30','2023-12-29 15:35:30','2023-12-29 15:35:30'),(21,'d06246e4-6680-4d90-8133-60df1e09e560','android','12','galaxy a13','active',NULL,NULL,'2023-12-29 16:43:26','2023-12-29 15:37:04','2023-12-29 15:43:26'),(22,'32337cc4-032c-4e63-b2ec-627094eaa0ca','android','12','Samsung Galaxy S22','active',NULL,NULL,'2023-12-29 16:48:24','2023-12-29 15:43:26','2023-12-29 15:48:24'),(23,'e348c6b7-4036-48c4-833b-0cc30a53d535','android','12','galaxy a13','active',NULL,NULL,'2023-12-29 16:46:15','2023-12-29 15:46:14','2023-12-29 15:46:15'),(24,'617999ca-a844-4d44-b9de-3a14980c6af9','android','12','galaxy a13','active',NULL,NULL,'2023-12-29 16:47:04','2023-12-29 15:47:02','2023-12-29 15:47:04'),(25,'214702c9-b7df-4eba-9c69-03725dac2ff8','android','12','galaxy 20','active',NULL,NULL,NULL,'2023-12-29 15:47:21','2023-12-29 15:47:21'),(26,'23a4f44f-adbf-4905-ac8b-ae6460ffb5b1','ios','12','galaxy a13','active',NULL,NULL,'2023-12-29 16:47:39','2023-12-29 15:47:37','2023-12-29 15:47:39'),(27,'8a0213f8-5d5c-46b8-8649-348dd9b54ccf','ios','17.0.1','iPhone','active',NULL,NULL,'2023-12-29 16:47:45','2023-12-29 15:47:44','2023-12-29 15:47:45'),(28,'057896e3-c40a-467f-91a4-afe89bac6d10','ios','17.0.1','iPhone','active',NULL,NULL,'2023-12-29 16:50:06','2023-12-29 15:48:23','2023-12-29 15:50:06'),(29,'d4a43771-a46c-4afa-869d-0b96cfc78f8f','ios','17.0.1','iPhone','active',NULL,NULL,'2023-12-29 16:51:31','2023-12-29 15:50:04','2023-12-29 15:51:31'),(30,'7bbbe112-eef5-479c-ad0a-2fec3ac17945','ios','17.0.1','iPhone16,2','active',NULL,NULL,'2023-12-29 16:51:31','2023-12-29 15:51:31','2023-12-29 15:51:31'),(31,'06a8a9c1-4fa7-4988-9cb0-749af72b1de1','ios','17.0.1','iPhone16,2','active',NULL,NULL,'2023-12-29 16:55:38','2023-12-29 15:53:34','2023-12-29 15:55:38'),(32,'cfb5416a-f895-4bd2-ba64-1b1f880f342b','ios','17.0.1','iPhone','active',NULL,NULL,'2023-12-29 16:54:22','2023-12-29 15:54:21','2023-12-29 15:54:22'),(33,'22e94c69-f61c-43f8-904c-67a9971d6329','ios','17.0.1','iPhone 15 Pro Max','active',NULL,NULL,'2023-12-29 17:25:25','2023-12-29 15:55:36','2023-12-29 16:25:25'),(34,'bb2d0163-f46b-4b51-a862-4d063d3d5d84','ios','17.1.2','iPhone','active',NULL,NULL,'2023-12-29 16:56:56','2023-12-29 15:56:53','2023-12-29 15:56:56'),(35,'98dcb320-266e-4e11-9146-f8811e718f80','ios','17.1.2','iPhone','active',NULL,NULL,'2023-12-29 16:57:13','2023-12-29 15:56:53','2023-12-29 15:57:13'),(36,'f625a428-8244-420b-be27-cbd26a7fcfaa','ios','17.1.2','iPhone','active',NULL,NULL,'2023-12-29 16:58:56','2023-12-29 15:57:11','2023-12-29 15:58:56'),(37,'38f2b84c-a49a-417e-9925-19cd2afa04b4','ios','17.1.2','iPhone','active',NULL,NULL,'2023-12-29 16:58:59','2023-12-29 15:58:54','2023-12-29 15:58:59'),(38,'8f792880-f46e-4eb2-8cac-4c882f396d68','ios','17.0,1','iphone','active',NULL,NULL,'2023-12-29 17:01:50','2023-12-29 16:01:48','2023-12-29 16:01:50'),(39,'286c3741-6302-4832-bd33-f2c02e5eab14','ios','17.0,1','iPhone','active',NULL,NULL,'2023-12-29 17:02:14','2023-12-29 16:02:10','2023-12-29 16:02:14'),(40,'49341bf5-85d9-4940-a816-fc04e9b376b7','ios','17.0.2','iPhone','active',NULL,NULL,'2023-12-29 17:03:06','2023-12-29 16:03:02','2023-12-29 16:03:06'),(41,'6d759f6e-c91c-41e6-b7ac-e2c1a688c478','ios','17.0.3','iPhone','active',NULL,NULL,NULL,'2023-12-29 16:07:08','2023-12-29 16:07:08'),(42,'0230e768-8242-4bd7-893a-ce47049a6ab0','ios','17.0.3','iPhone','active',NULL,NULL,'2023-12-29 17:17:52','2023-12-29 16:17:51','2023-12-29 16:17:52'),(43,'e97bd166-be72-4be7-9c9c-6d6509589fee','ios','17.0.3','iPhone','active',NULL,NULL,'2023-12-29 17:19:16','2023-12-29 16:19:13','2023-12-29 16:19:16'),(44,'574f009b-ca9d-4976-a6e7-b0939bcb33f5','ios','17.0,1','iPhone','active',NULL,NULL,'2023-12-29 17:19:47','2023-12-29 16:19:44','2023-12-29 16:19:47'),(45,'c2050766-b907-4bea-a0ea-6a791bf5ef39','ios','17.0.3','iPhone','active',NULL,NULL,'2023-12-29 17:24:10','2023-12-29 16:24:10','2023-12-29 16:24:10'),(46,'5f0602e1-6f98-4840-8821-8e4a9900916b','ios','17.0.3','iPhone','active',NULL,NULL,'2023-12-29 17:24:13','2023-12-29 16:24:11','2023-12-29 16:24:13'),(47,'39138a2d-4ef0-4859-8805-8d9246bac3a3','ios','17.0.3','iPhone','active',NULL,NULL,NULL,'2023-12-29 16:28:37','2023-12-29 16:28:37'),(48,'159f500a-e52f-4f73-a75a-192c58dbb6c4','ios','17.0.3','iPhone','active',NULL,NULL,NULL,'2023-12-29 16:28:37','2023-12-29 16:28:37'),(49,'4ef4c0f3-2231-45da-b797-d3654bc9a2bf','ios','17.0.3','iPhone','active',NULL,NULL,'2023-12-29 17:31:49','2023-12-29 16:31:48','2023-12-29 16:31:49'),(50,'2aaa7466-e713-4935-abb0-327818735d90','ios','17.0.3','iPhone','active',NULL,NULL,'2023-12-29 17:32:40','2023-12-29 16:32:31','2023-12-29 16:32:40'),(51,'f20fe8ea-ce36-4bca-996f-40438ac9393e','ios','17.0.1','iPhone 15 Pro Max','active',NULL,NULL,'2023-12-29 17:53:56','2023-12-29 16:33:01','2023-12-29 16:53:56'),(52,'27d81dcd-24d1-43da-b234-e39c708f038b','ios','17.1.2','iPhone','active',NULL,NULL,'2023-12-29 17:35:30','2023-12-29 16:35:28','2023-12-29 16:35:30'),(53,'e7b832ea-2ad7-4567-b3d2-e82f38797f7f','ios','17.1.2','iPhone','active',NULL,NULL,'2023-12-29 17:37:30','2023-12-29 16:37:30','2023-12-29 16:37:30'),(54,'ff48a76d-4260-4c92-852a-3e7fef08ad08','ios','17.0,1','iPhone','active',NULL,NULL,'2023-12-29 17:39:52','2023-12-29 16:39:50','2023-12-29 16:39:52'),(55,'f354271d-a182-4a96-9766-543f84bc40f2','ios','17.1.2','iPhone','active',NULL,NULL,'2023-12-29 17:40:39','2023-12-29 16:40:36','2023-12-29 16:40:39'),(56,'c817ad41-bf96-435d-915b-6a654451c79f','ios','17.1.2','iPhone','active',NULL,NULL,'2023-12-29 17:40:44','2023-12-29 16:40:44','2023-12-29 16:40:44'),(57,'fcb6bb6f-b70c-4543-8518-6c22bfb99b7c','ios','17.0,1','iPhone','active',NULL,NULL,'2023-12-29 17:41:08','2023-12-29 16:41:07','2023-12-29 16:41:08'),(58,'9c750ae2-de7d-4de2-800a-7a7d9cff771e','ios','17.0,1','iPhone','active',NULL,NULL,'2023-12-29 17:41:08','2023-12-29 16:41:08','2023-12-29 16:41:08'),(59,'6854bb19-d5b4-4ad6-ab13-0c734496c5fe','ios','17.0,1','iPhone','active',NULL,NULL,'2023-12-29 17:41:11','2023-12-29 16:41:09','2023-12-29 16:41:11'),(60,'0eb3ac34-be3f-4d42-afbc-f355c1858295','ios','17.0,1','iPhone','active',NULL,NULL,'2023-12-29 17:41:12','2023-12-29 16:41:09','2023-12-29 16:41:12'),(61,'3706ba05-c2ed-46b9-a787-aa3ebd2ece98','ios','17.1.2','iPhone','active',NULL,NULL,'2023-12-29 17:55:03','2023-12-29 16:41:13','2023-12-29 16:55:03'),(62,'62d7d509-ffd8-4309-ad8a-5385c5138643','ios','17.0,1','iPhone','active',NULL,NULL,'2023-12-29 17:41:15','2023-12-29 16:41:13','2023-12-29 16:41:15'),(63,'bbe367fd-747f-4dcd-bd6a-91467c5f92c2','ios','17.0.3','iPhone','active',NULL,NULL,'2024-01-03 14:56:37','2023-12-29 16:44:40','2024-01-03 13:56:37'),(64,'3248152d-4280-4ed1-957e-6ec8074eefaf','ios','17.0,1','iPhone','active',NULL,NULL,'2023-12-29 17:46:38','2023-12-29 16:46:37','2023-12-29 16:46:38'),(65,'d1a6ed8b-7cbe-4f65-aef3-a34f6cc9239f','ios','17.0,1','iPhone','active',NULL,NULL,'2023-12-29 17:58:21','2023-12-29 16:58:20','2023-12-29 16:58:21'),(66,'e22e57ed-2834-41bc-829c-8f80491c83bd','android','29','SM-G960F','active',NULL,NULL,'2024-01-03 10:32:03','2024-01-03 09:15:00','2024-01-03 09:32:03'),(67,'bbacbde8-28e5-438b-845e-99a19573b422','android','34','sdk_gphone64_arm64','active',NULL,NULL,'2024-01-03 11:33:57','2024-01-03 09:36:25','2024-01-03 10:33:57'),(68,'16c3b49a-fced-459b-878a-8341fca3e02f','android','34','sdk_gphone64_arm64','active',NULL,NULL,'2024-01-03 12:29:23','2024-01-03 10:37:26','2024-01-03 11:29:23'),(69,'f61db0bc-28bd-4666-9cb5-50f24cef5022','android','34','sdk_gphone64_arm64','active',NULL,NULL,'2024-01-03 13:03:55','2024-01-03 11:29:53','2024-01-03 12:03:55'),(70,'0e962c38-5eb1-4248-92ba-bda3899b1c71','android','34','sdk_gphone64_arm64','active',NULL,NULL,'2024-01-03 15:19:27','2024-01-03 12:04:25','2024-01-03 14:19:27'),(71,'6981f6b8-fd44-42a9-971f-73f9327b9c4e','android','29','SM-G960F','active',NULL,NULL,'2024-01-03 13:31:50','2024-01-03 12:24:39','2024-01-03 12:31:50'),(72,'47dad30e-2504-414c-9237-a2042c495666','android','29','SM-G960F','active',NULL,NULL,'2024-01-03 13:56:42','2024-01-03 12:32:26','2024-01-03 12:56:42'),(73,'d961b700-c0f1-409f-9022-d476e051e4e5','android','29','SM-G960F','active',NULL,NULL,'2024-01-03 22:08:29','2024-01-03 13:02:27','2024-01-03 21:08:29'),(74,'5484aa0c-9c56-498a-8de3-ee0dbaf8b261','ios','17.0,1','iPhone','active',NULL,NULL,'2024-01-04 05:00:24','2024-01-03 13:33:54','2024-01-04 04:00:24'),(75,'bd867332-df01-4d7b-b879-aaf351cd79c9','ios','17.0,1','iPhone','active',NULL,NULL,'2024-01-04 04:57:27','2024-01-04 03:57:26','2024-01-04 03:57:27');
/*!40000 ALTER TABLE `clients` ENABLE KEYS */;
UNLOCK TABLES;

--
-- Table structure for table `failed_jobs`
--

DROP TABLE IF EXISTS `failed_jobs`;
/*!40101 SET @saved_cs_client     = @@character_set_client */;
/*!50503 SET character_set_client = utf8mb4 */;
CREATE TABLE `failed_jobs` (
  `id` bigint unsigned NOT NULL AUTO_INCREMENT,
  `uuid` varchar(255) COLLATE utf8mb4_unicode_ci NOT NULL,
  `connection` text COLLATE utf8mb4_unicode_ci NOT NULL,
  `queue` text COLLATE utf8mb4_unicode_ci NOT NULL,
  `payload` longtext COLLATE utf8mb4_unicode_ci NOT NULL,
  `exception` longtext COLLATE utf8mb4_unicode_ci NOT NULL,
  `failed_at` timestamp NOT NULL DEFAULT CURRENT_TIMESTAMP,
  PRIMARY KEY (`id`),
  UNIQUE KEY `failed_jobs_uuid_unique` (`uuid`)
) ENGINE=InnoDB AUTO_INCREMENT=6 DEFAULT CHARSET=utf8mb4 COLLATE=utf8mb4_unicode_ci;
/*!40101 SET character_set_client = @saved_cs_client */;

--
-- Dumping data for table `failed_jobs`
--

LOCK TABLES `failed_jobs` WRITE;
/*!40000 ALTER TABLE `failed_jobs` DISABLE KEYS */;
INSERT INTO `failed_jobs` VALUES (1,'c8c9325e-3e67-4be7-a5ed-7fb03e447813','redis','default','{\"uuid\":\"c8c9325e-3e67-4be7-a5ed-7fb03e447813\",\"displayName\":\"App\\\\Jobs\\\\Pritunl\\\\Creation\",\"job\":\"Illuminate\\\\Queue\\\\CallQueuedHandler@call\",\"maxTries\":null,\"maxExceptions\":null,\"failOnTimeout\":false,\"backoff\":null,\"timeout\":null,\"retryUntil\":null,\"data\":{\"commandName\":\"App\\\\Jobs\\\\Pritunl\\\\Creation\",\"command\":\"O:25:\\\"App\\\\Jobs\\\\Pritunl\\\\Creation\\\":1:{s:10:\\\"\\u0000*\\u0000pritunl\\\";O:45:\\\"Illuminate\\\\Contracts\\\\Database\\\\ModelIdentifier\\\":5:{s:5:\\\"class\\\";s:26:\\\"App\\\\Models\\\\Pritunl\\\\Pritunl\\\";s:2:\\\"id\\\";i:2;s:9:\\\"relations\\\";a:0:{}s:10:\\\"connection\\\";s:5:\\\"mysql\\\";s:15:\\\"collectionClass\\\";N;}}\"},\"id\":\"c8c9325e-3e67-4be7-a5ed-7fb03e447813\",\"attempts\":0,\"type\":\"job\",\"tags\":[\"App\\\\Models\\\\Pritunl\\\\Pritunl:2\"],\"silenced\":false,\"pushedAt\":\"1703573192.2931\"}','UnexpectedValueException: The stream or file \"/var/www/dodavpn.com/storage/logs/laravel.log\" could not be opened in append mode: Failed to open stream: Permission denied\nThe exception occurred while attempting to log: Status: 429, Method: post, Route: user/6586c8329118559fa8f4c950/multi, Request Body: [{\"email\":null,\"name\":\"HlgMow\"},{\"email\":null,\"name\":\"b5TNPm\"},{\"email\":null,\"name\":\"S61xLW\"},{\"email\":null,\"name\":\"jseUzz\"},{\"email\":null,\"name\":\"ulz96G\"},{\"email\":null,\"name\":\"hOI9hT\"},{\"email\":null,\"name\":\"qyQZdj\"},{\"email\":null,\"name\":\"olGG70\"},{\"email\":null,\"name\":\"Lu08C1\"},{\"email\":null,\"name\":\"aSrJ9n\"},{\"email\":null,\"name\":\"xPL7qX\"},{\"email\":null,\"name\":\"3qCs7w\"},{\"email\":null,\"name\":\"Nev0HS\"},{\"email\":null,\"name\":\"vfSrYL\"},{\"email\":null,\"name\":\"ueSlmK\"},{\"email\":null,\"name\":\"F0LMTy\"},{\"email\":null,\"name\":\"dDqkKo\"},{\"email\":null,\"name\":\"Z4f3ao\"},{\"email\":null,\"name\":\"vojOMx\"},{\"email\":null,\"name\":\"2ImuKv\"},{\"email\":null,\"name\":\"QEJGp7\"},{\"email\":null,\"name\":\"6EoWVy\"},{\"email\":null,\"name\":\"icK1W6\"},{\"email\":null,\"name\":\"iAt1lC\"},{\"email\":null,\"name\":\"qZR4xi\"},{\"email\":null,\"name\":\"BfD6Va\"},{\"email\":null,\"name\":\"oDqnyJ\"},{\"email\":null,\"name\":\"AIhCnK\"},{\"email\":null,\"name\":\"7eCFl4\"},{\"email\":null,\"name\":\"Z2yRRl\"},{\"email\":null,\"name\":\"vy3AM0\"},{\"email\":null,\"name\":\"6bgDrD\"},{\"email\":null,\"name\":\"8Jomle\"},{\"email\":null,\"name\":\"y73XtT\"},{\"email\":null,\"name\":\"X7xSgB\"},{\"email\":null,\"name\":\"Gd0ISW\"},{\"email\":null,\"name\":\"srIwqH\"},{\"email\":null,\"name\":\"fJPQta\"},{\"email\":null,\"name\":\"mKgl05\"},{\"email\":null,\"name\":\"ta94lp\"},{\"email\":null,\"name\":\"tLmsJ6\"},{\"email\":null,\"name\":\"wh2rhg\"},{\"email\":null,\"name\":\"X0t3Z0\"},{\"email\":null,\"name\":\"k05oKi\"},{\"email\":null,\"name\":\"uSk1Oh\"},{\"email\":null,\"name\":\"kqsPTm\"},{\"email\":null,\"name\":\"ZfTYKa\"},{\"email\":null,\"name\":\"jX5Gxf\"},{\"email\":null,\"name\":\"grDmvc\"},{\"email\":null,\"name\":\"5fvQTD\"},{\"email\":null,\"name\":\"yn6WXP\"},{\"email\":null,\"name\":\"doMaJw\"},{\"email\":null,\"name\":\"oezHRK\"},{\"email\":null,\"name\":\"FA12o6\"},{\"email\":null,\"name\":\"pnsco5\"},{\"email\":null,\"name\":\"YHYtXO\"},{\"email\":null,\"name\":\"9tH2W2\"},{\"email\":null,\"name\":\"UOv7Xu\"},{\"email\":null,\"name\":\"4FIxpH\"},{\"email\":null,\"name\":\"fBWqrl\"},{\"email\":null,\"name\":\"f7cWiO\"},{\"email\":null,\"name\":\"ymllXE\"},{\"email\":null,\"name\":\"RrkhqX\"},{\"email\":null,\"name\":\"10iRnk\"},{\"email\":null,\"name\":\"iUaxIp\"},{\"email\":null,\"name\":\"MXwSm2\"},{\"email\":null,\"name\":\"135vpZ\"},{\"email\":null,\"name\":\"BcKsvC\"},{\"email\":null,\"name\":\"onNdR3\"},{\"email\":null,\"name\":\"sVbPZt\"},{\"email\":null,\"name\":\"M0Ytgq\"},{\"email\":null,\"name\":\"Td1OQG\"},{\"email\":null,\"name\":\"VOc0v7\"},{\"email\":null,\"name\":\"GfAtIC\"},{\"email\":null,\"name\":\"7fsCu9\"},{\"email\":null,\"name\":\"IqZ8Ut\"},{\"email\":null,\"name\":\"WHhOcc\"},{\"email\":null,\"name\":\"yVG5gt\"},{\"email\":null,\"name\":\"WqrLD1\"},{\"email\":null,\"name\":\"uXc4nX\"},{\"email\":null,\"name\":\"9OwXZx\"},{\"email\":null,\"name\":\"php1M5\"},{\"email\":null,\"name\":\"6we6JM\"},{\"email\":null,\"name\":\"npUz91\"},{\"email\":null,\"name\":\"AA946P\"},{\"email\":null,\"name\":\"51j2Ht\"},{\"email\":null,\"name\":\"6eYblL\"},{\"email\":null,\"name\":\"fjfcXs\"},{\"email\":null,\"name\":\"vsUd83\"},{\"email\":null,\"name\":\"tzRWQU\"},{\"email\":null,\"name\":\"yzunib\"},{\"email\":null,\"name\":\"f27Yx3\"},{\"email\":null,\"name\":\"HdhaMo\"},{\"email\":null,\"name\":\"Y15DKB\"},{\"email\":null,\"name\":\"0ivXm6\"},{\"email\":null,\"name\":\"t9p0Dn\"},{\"email\":null,\"name\":\"vMc0xk\"},{\"email\":null,\"name\":\"8XvWiv\"},{\"email\":null,\"name\":\"FOhHUc\"},{\"email\":null,\"name\":\"vPxBbX\"}], Response: {\"error\": \"users_background_busy\", \"error_msg\": \"Users are already being created in background. Wait for task to complete before adding more users.\"} in /var/www/dodavpn.com/vendor/monolog/monolog/src/Monolog/Handler/StreamHandler.php:137\nStack trace:\n#0 /var/www/dodavpn.com/vendor/monolog/monolog/src/Monolog/Handler/AbstractProcessingHandler.php(44): Monolog\\Handler\\StreamHandler->write()\n#1 /var/www/dodavpn.com/vendor/monolog/monolog/src/Monolog/Logger.php(389): Monolog\\Handler\\AbstractProcessingHandler->handle()\n#2 /var/www/dodavpn.com/vendor/monolog/monolog/src/Monolog/Logger.php(644): Monolog\\Logger->addRecord()\n#3 /var/www/dodavpn.com/vendor/laravel/framework/src/Illuminate/Log/Logger.php(184): Monolog\\Logger->error()\n#4 /var/www/dodavpn.com/vendor/laravel/framework/src/Illuminate/Log/Logger.php(97): Illuminate\\Log\\Logger->writeLog()\n#5 /var/www/dodavpn.com/vendor/laravel/framework/src/Illuminate/Log/LogManager.php(665): Illuminate\\Log\\Logger->error()\n#6 /var/www/dodavpn.com/vendor/laravel/framework/src/Illuminate/Support/Facades/Facade.php(355): Illuminate\\Log\\LogManager->error()\n#7 /var/www/dodavpn.com/app/Jobs/Pritunl/Creation.php(72): Illuminate\\Support\\Facades\\Facade::__callStatic()\n#8 /var/www/dodavpn.com/vendor/laravel/framework/src/Illuminate/Container/BoundMethod.php(36): App\\Jobs\\Pritunl\\Creation->handle()\n#9 /var/www/dodavpn.com/vendor/laravel/framework/src/Illuminate/Container/Util.php(41): Illuminate\\Container\\BoundMethod::Illuminate\\Container\\{closure}()\n#10 /var/www/dodavpn.com/vendor/laravel/framework/src/Illuminate/Container/BoundMethod.php(93): Illuminate\\Container\\Util::unwrapIfClosure()\n#11 /var/www/dodavpn.com/vendor/laravel/framework/src/Illuminate/Container/BoundMethod.php(35): Illuminate\\Container\\BoundMethod::callBoundMethod()\n#12 /var/www/dodavpn.com/vendor/laravel/framework/src/Illuminate/Container/Container.php(662): Illuminate\\Container\\BoundMethod::call()\n#13 /var/www/dodavpn.com/vendor/laravel/framework/src/Illuminate/Bus/Dispatcher.php(128): Illuminate\\Container\\Container->call()\n#14 /var/www/dodavpn.com/vendor/laravel/framework/src/Illuminate/Pipeline/Pipeline.php(141): Illuminate\\Bus\\Dispatcher->Illuminate\\Bus\\{closure}()\n#15 /var/www/dodavpn.com/vendor/laravel/framework/src/Illuminate/Pipeline/Pipeline.php(116): Illuminate\\Pipeline\\Pipeline->Illuminate\\Pipeline\\{closure}()\n#16 /var/www/dodavpn.com/vendor/laravel/framework/src/Illuminate/Bus/Dispatcher.php(132): Illuminate\\Pipeline\\Pipeline->then()\n#17 /var/www/dodavpn.com/vendor/laravel/framework/src/Illuminate/Queue/CallQueuedHandler.php(123): Illuminate\\Bus\\Dispatcher->dispatchNow()\n#18 /var/www/dodavpn.com/vendor/laravel/framework/src/Illuminate/Pipeline/Pipeline.php(141): Illuminate\\Queue\\CallQueuedHandler->Illuminate\\Queue\\{closure}()\n#19 /var/www/dodavpn.com/vendor/laravel/framework/src/Illuminate/Pipeline/Pipeline.php(116): Illuminate\\Pipeline\\Pipeline->Illuminate\\Pipeline\\{closure}()\n#20 /var/www/dodavpn.com/vendor/laravel/framework/src/Illuminate/Queue/CallQueuedHandler.php(122): Illuminate\\Pipeline\\Pipeline->then()\n#21 /var/www/dodavpn.com/vendor/laravel/framework/src/Illuminate/Queue/CallQueuedHandler.php(70): Illuminate\\Queue\\CallQueuedHandler->dispatchThroughMiddleware()\n#22 /var/www/dodavpn.com/vendor/laravel/framework/src/Illuminate/Queue/Jobs/Job.php(102): Illuminate\\Queue\\CallQueuedHandler->call()\n#23 /var/www/dodavpn.com/vendor/laravel/framework/src/Illuminate/Queue/Worker.php(439): Illuminate\\Queue\\Jobs\\Job->fire()\n#24 /var/www/dodavpn.com/vendor/laravel/framework/src/Illuminate/Queue/Worker.php(389): Illuminate\\Queue\\Worker->process()\n#25 /var/www/dodavpn.com/vendor/laravel/framework/src/Illuminate/Queue/Worker.php(176): Illuminate\\Queue\\Worker->runJob()\n#26 /var/www/dodavpn.com/vendor/laravel/framework/src/Illuminate/Queue/Console/WorkCommand.php(137): Illuminate\\Queue\\Worker->daemon()\n#27 /var/www/dodavpn.com/vendor/laravel/framework/src/Illuminate/Queue/Console/WorkCommand.php(120): Illuminate\\Queue\\Console\\WorkCommand->runWorker()\n#28 /var/www/dodavpn.com/vendor/laravel/horizon/src/Console/WorkCommand.php(51): Illuminate\\Queue\\Console\\WorkCommand->handle()\n#29 /var/www/dodavpn.com/vendor/laravel/framework/src/Illuminate/Container/BoundMethod.php(36): Laravel\\Horizon\\Console\\WorkCommand->handle()\n#30 /var/www/dodavpn.com/vendor/laravel/framework/src/Illuminate/Container/Util.php(41): Illuminate\\Container\\BoundMethod::Illuminate\\Container\\{closure}()\n#31 /var/www/dodavpn.com/vendor/laravel/framework/src/Illuminate/Container/BoundMethod.php(93): Illuminate\\Container\\Util::unwrapIfClosure()\n#32 /var/www/dodavpn.com/vendor/laravel/framework/src/Illuminate/Container/BoundMethod.php(35): Illuminate\\Container\\BoundMethod::callBoundMethod()\n#33 /var/www/dodavpn.com/vendor/laravel/framework/src/Illuminate/Container/Container.php(662): Illuminate\\Container\\BoundMethod::call()\n#34 /var/www/dodavpn.com/vendor/laravel/framework/src/Illuminate/Console/Command.php(211): Illuminate\\Container\\Container->call()\n#35 /var/www/dodavpn.com/vendor/symfony/console/Command/Command.php(326): Illuminate\\Console\\Command->execute()\n#36 /var/www/dodavpn.com/vendor/laravel/framework/src/Illuminate/Console/Command.php(180): Symfony\\Component\\Console\\Command\\Command->run()\n#37 /var/www/dodavpn.com/vendor/symfony/console/Application.php(1096): Illuminate\\Console\\Command->run()\n#38 /var/www/dodavpn.com/vendor/symfony/console/Application.php(324): Symfony\\Component\\Console\\Application->doRunCommand()\n#39 /var/www/dodavpn.com/vendor/symfony/console/Application.php(175): Symfony\\Component\\Console\\Application->doRun()\n#40 /var/www/dodavpn.com/vendor/laravel/framework/src/Illuminate/Foundation/Console/Kernel.php(201): Symfony\\Component\\Console\\Application->run()\n#41 /var/www/dodavpn.com/artisan(35): Illuminate\\Foundation\\Console\\Kernel->handle()\n#42 {main}','2023-12-26 05:46:34'),(2,'410d212e-60f9-4b02-a8b9-9a0880cab61d','redis','default','{\"uuid\":\"410d212e-60f9-4b02-a8b9-9a0880cab61d\",\"displayName\":\"App\\\\Jobs\\\\Server\\\\Reboot\",\"job\":\"Illuminate\\\\Queue\\\\CallQueuedHandler@call\",\"maxTries\":null,\"maxExceptions\":null,\"failOnTimeout\":false,\"backoff\":null,\"timeout\":null,\"retryUntil\":null,\"data\":{\"commandName\":\"App\\\\Jobs\\\\Server\\\\Reboot\",\"command\":\"O:22:\\\"App\\\\Jobs\\\\Server\\\\Reboot\\\":3:{s:12:\\\"\\u0000*\\u0000ipAddress\\\";s:14:\\\"93.114.133.234\\\";s:11:\\\"\\u0000*\\u0000username\\\";s:4:\\\"root\\\";s:9:\\\"\\u0000*\\u0000server\\\";O:45:\\\"Illuminate\\\\Contracts\\\\Database\\\\ModelIdentifier\\\":5:{s:5:\\\"class\\\";s:24:\\\"App\\\\Models\\\\Server\\\\Server\\\";s:2:\\\"id\\\";i:2;s:9:\\\"relations\\\";a:0:{}s:10:\\\"connection\\\";s:5:\\\"mysql\\\";s:15:\\\"collectionClass\\\";N;}}\"},\"id\":\"410d212e-60f9-4b02-a8b9-9a0880cab61d\",\"attempts\":0,\"type\":\"job\",\"tags\":[\"App\\\\Models\\\\Server\\\\Server:2\"],\"silenced\":false,\"pushedAt\":\"1703573516.9559\"}','Illuminate\\Contracts\\Filesystem\\FileNotFoundException: File does not exist at path /var/www/dodavpn.com/storage/ssh/id_rsa. in /var/www/dodavpn.com/vendor/laravel/framework/src/Illuminate/Filesystem/Filesystem.php:59\nStack trace:\n#0 /var/www/dodavpn.com/vendor/laravel/framework/src/Illuminate/Support/Facades/Facade.php(355): Illuminate\\Filesystem\\Filesystem->get()\n#1 /var/www/dodavpn.com/packages/akromjon/Pritunl/src/Cloud/SSH/SSHConnection.php(38): Illuminate\\Support\\Facades\\Facade::__callStatic()\n#2 /var/www/dodavpn.com/packages/akromjon/Pritunl/src/Cloud/SSH/SSHConnection.php(43): Akromjon\\Pritunl\\Cloud\\SSH\\SSHConnection->getFilePath()\n#3 /var/www/dodavpn.com/packages/akromjon/Pritunl/src/Cloud/SSH/SSHConnection.php(64): Akromjon\\Pritunl\\Cloud\\SSH\\SSHConnection->getKey()\n#4 /var/www/dodavpn.com/packages/akromjon/Pritunl/src/Cloud/SSH/SSH.php(16): Akromjon\\Pritunl\\Cloud\\SSH\\SSHConnection->login()\n#5 /var/www/dodavpn.com/app/Jobs/Server/Reboot.php(32): Akromjon\\Pritunl\\Cloud\\SSH\\SSH->connect()\n#6 /var/www/dodavpn.com/vendor/laravel/framework/src/Illuminate/Container/BoundMethod.php(36): App\\Jobs\\Server\\Reboot->handle()\n#7 /var/www/dodavpn.com/vendor/laravel/framework/src/Illuminate/Container/Util.php(41): Illuminate\\Container\\BoundMethod::Illuminate\\Container\\{closure}()\n#8 /var/www/dodavpn.com/vendor/laravel/framework/src/Illuminate/Container/BoundMethod.php(93): Illuminate\\Container\\Util::unwrapIfClosure()\n#9 /var/www/dodavpn.com/vendor/laravel/framework/src/Illuminate/Container/BoundMethod.php(35): Illuminate\\Container\\BoundMethod::callBoundMethod()\n#10 /var/www/dodavpn.com/vendor/laravel/framework/src/Illuminate/Container/Container.php(662): Illuminate\\Container\\BoundMethod::call()\n#11 /var/www/dodavpn.com/vendor/laravel/framework/src/Illuminate/Bus/Dispatcher.php(128): Illuminate\\Container\\Container->call()\n#12 /var/www/dodavpn.com/vendor/laravel/framework/src/Illuminate/Pipeline/Pipeline.php(141): Illuminate\\Bus\\Dispatcher->Illuminate\\Bus\\{closure}()\n#13 /var/www/dodavpn.com/vendor/laravel/framework/src/Illuminate/Pipeline/Pipeline.php(116): Illuminate\\Pipeline\\Pipeline->Illuminate\\Pipeline\\{closure}()\n#14 /var/www/dodavpn.com/vendor/laravel/framework/src/Illuminate/Bus/Dispatcher.php(132): Illuminate\\Pipeline\\Pipeline->then()\n#15 /var/www/dodavpn.com/vendor/laravel/framework/src/Illuminate/Queue/CallQueuedHandler.php(123): Illuminate\\Bus\\Dispatcher->dispatchNow()\n#16 /var/www/dodavpn.com/vendor/laravel/framework/src/Illuminate/Pipeline/Pipeline.php(141): Illuminate\\Queue\\CallQueuedHandler->Illuminate\\Queue\\{closure}()\n#17 /var/www/dodavpn.com/vendor/laravel/framework/src/Illuminate/Pipeline/Pipeline.php(116): Illuminate\\Pipeline\\Pipeline->Illuminate\\Pipeline\\{closure}()\n#18 /var/www/dodavpn.com/vendor/laravel/framework/src/Illuminate/Queue/CallQueuedHandler.php(122): Illuminate\\Pipeline\\Pipeline->then()\n#19 /var/www/dodavpn.com/vendor/laravel/framework/src/Illuminate/Queue/CallQueuedHandler.php(70): Illuminate\\Queue\\CallQueuedHandler->dispatchThroughMiddleware()\n#20 /var/www/dodavpn.com/vendor/laravel/framework/src/Illuminate/Queue/Jobs/Job.php(102): Illuminate\\Queue\\CallQueuedHandler->call()\n#21 /var/www/dodavpn.com/vendor/laravel/framework/src/Illuminate/Queue/Worker.php(439): Illuminate\\Queue\\Jobs\\Job->fire()\n#22 /var/www/dodavpn.com/vendor/laravel/framework/src/Illuminate/Queue/Worker.php(389): Illuminate\\Queue\\Worker->process()\n#23 /var/www/dodavpn.com/vendor/laravel/framework/src/Illuminate/Queue/Worker.php(176): Illuminate\\Queue\\Worker->runJob()\n#24 /var/www/dodavpn.com/vendor/laravel/framework/src/Illuminate/Queue/Console/WorkCommand.php(137): Illuminate\\Queue\\Worker->daemon()\n#25 /var/www/dodavpn.com/vendor/laravel/framework/src/Illuminate/Queue/Console/WorkCommand.php(120): Illuminate\\Queue\\Console\\WorkCommand->runWorker()\n#26 /var/www/dodavpn.com/vendor/laravel/horizon/src/Console/WorkCommand.php(51): Illuminate\\Queue\\Console\\WorkCommand->handle()\n#27 /var/www/dodavpn.com/vendor/laravel/framework/src/Illuminate/Container/BoundMethod.php(36): Laravel\\Horizon\\Console\\WorkCommand->handle()\n#28 /var/www/dodavpn.com/vendor/laravel/framework/src/Illuminate/Container/Util.php(41): Illuminate\\Container\\BoundMethod::Illuminate\\Container\\{closure}()\n#29 /var/www/dodavpn.com/vendor/laravel/framework/src/Illuminate/Container/BoundMethod.php(93): Illuminate\\Container\\Util::unwrapIfClosure()\n#30 /var/www/dodavpn.com/vendor/laravel/framework/src/Illuminate/Container/BoundMethod.php(35): Illuminate\\Container\\BoundMethod::callBoundMethod()\n#31 /var/www/dodavpn.com/vendor/laravel/framework/src/Illuminate/Container/Container.php(662): Illuminate\\Container\\BoundMethod::call()\n#32 /var/www/dodavpn.com/vendor/laravel/framework/src/Illuminate/Console/Command.php(211): Illuminate\\Container\\Container->call()\n#33 /var/www/dodavpn.com/vendor/symfony/console/Command/Command.php(326): Illuminate\\Console\\Command->execute()\n#34 /var/www/dodavpn.com/vendor/laravel/framework/src/Illuminate/Console/Command.php(180): Symfony\\Component\\Console\\Command\\Command->run()\n#35 /var/www/dodavpn.com/vendor/symfony/console/Application.php(1096): Illuminate\\Console\\Command->run()\n#36 /var/www/dodavpn.com/vendor/symfony/console/Application.php(324): Symfony\\Component\\Console\\Application->doRunCommand()\n#37 /var/www/dodavpn.com/vendor/symfony/console/Application.php(175): Symfony\\Component\\Console\\Application->doRun()\n#38 /var/www/dodavpn.com/vendor/laravel/framework/src/Illuminate/Foundation/Console/Kernel.php(201): Symfony\\Component\\Console\\Application->run()\n#39 /var/www/dodavpn.com/artisan(35): Illuminate\\Foundation\\Console\\Kernel->handle()\n#40 {main}','2023-12-26 05:51:59'),(3,'ba0bec3f-aacb-4c9c-9088-2acf70c43c95','redis','default','{\"uuid\":\"ba0bec3f-aacb-4c9c-9088-2acf70c43c95\",\"displayName\":\"App\\\\Jobs\\\\Server\\\\Reboot\",\"job\":\"Illuminate\\\\Queue\\\\CallQueuedHandler@call\",\"maxTries\":null,\"maxExceptions\":null,\"failOnTimeout\":false,\"backoff\":null,\"timeout\":null,\"retryUntil\":null,\"data\":{\"commandName\":\"App\\\\Jobs\\\\Server\\\\Reboot\",\"command\":\"O:22:\\\"App\\\\Jobs\\\\Server\\\\Reboot\\\":3:{s:12:\\\"\\u0000*\\u0000ipAddress\\\";s:14:\\\"93.114.133.234\\\";s:11:\\\"\\u0000*\\u0000username\\\";s:4:\\\"root\\\";s:9:\\\"\\u0000*\\u0000server\\\";O:45:\\\"Illuminate\\\\Contracts\\\\Database\\\\ModelIdentifier\\\":5:{s:5:\\\"class\\\";s:24:\\\"App\\\\Models\\\\Server\\\\Server\\\";s:2:\\\"id\\\";i:2;s:9:\\\"relations\\\";a:0:{}s:10:\\\"connection\\\";s:5:\\\"mysql\\\";s:15:\\\"collectionClass\\\";N;}}\"},\"id\":\"ba0bec3f-aacb-4c9c-9088-2acf70c43c95\",\"attempts\":0,\"type\":\"job\",\"tags\":[\"App\\\\Models\\\\Server\\\\Server:2\"],\"silenced\":false,\"pushedAt\":\"1703573775.8145\"}','phpseclib3\\Exception\\ConnectionClosedException: Connection closed (by server) prematurely 0.12352299690247s in /var/www/dodavpn.com/vendor/phpseclib/phpseclib/phpseclib/Net/SSH2.php:3508\nStack trace:\n#0 /var/www/dodavpn.com/vendor/phpseclib/phpseclib/phpseclib/Net/SSH2.php(4015): phpseclib3\\Net\\SSH2->get_binary_packet()\n#1 /var/www/dodavpn.com/vendor/phpseclib/phpseclib/phpseclib/Net/SSH2.php(2879): phpseclib3\\Net\\SSH2->get_channel_packet()\n#2 /var/www/dodavpn.com/packages/akromjon/Pritunl/src/Cloud/SSH/SSH.php(33): phpseclib3\\Net\\SSH2->exec()\n#3 /var/www/dodavpn.com/app/Jobs/Server/Reboot.php(34): Akromjon\\Pritunl\\Cloud\\SSH\\SSH->exec()\n#4 /var/www/dodavpn.com/vendor/laravel/framework/src/Illuminate/Container/BoundMethod.php(36): App\\Jobs\\Server\\Reboot->handle()\n#5 /var/www/dodavpn.com/vendor/laravel/framework/src/Illuminate/Container/Util.php(41): Illuminate\\Container\\BoundMethod::Illuminate\\Container\\{closure}()\n#6 /var/www/dodavpn.com/vendor/laravel/framework/src/Illuminate/Container/BoundMethod.php(93): Illuminate\\Container\\Util::unwrapIfClosure()\n#7 /var/www/dodavpn.com/vendor/laravel/framework/src/Illuminate/Container/BoundMethod.php(35): Illuminate\\Container\\BoundMethod::callBoundMethod()\n#8 /var/www/dodavpn.com/vendor/laravel/framework/src/Illuminate/Container/Container.php(662): Illuminate\\Container\\BoundMethod::call()\n#9 /var/www/dodavpn.com/vendor/laravel/framework/src/Illuminate/Bus/Dispatcher.php(128): Illuminate\\Container\\Container->call()\n#10 /var/www/dodavpn.com/vendor/laravel/framework/src/Illuminate/Pipeline/Pipeline.php(141): Illuminate\\Bus\\Dispatcher->Illuminate\\Bus\\{closure}()\n#11 /var/www/dodavpn.com/vendor/laravel/framework/src/Illuminate/Pipeline/Pipeline.php(116): Illuminate\\Pipeline\\Pipeline->Illuminate\\Pipeline\\{closure}()\n#12 /var/www/dodavpn.com/vendor/laravel/framework/src/Illuminate/Bus/Dispatcher.php(132): Illuminate\\Pipeline\\Pipeline->then()\n#13 /var/www/dodavpn.com/vendor/laravel/framework/src/Illuminate/Queue/CallQueuedHandler.php(123): Illuminate\\Bus\\Dispatcher->dispatchNow()\n#14 /var/www/dodavpn.com/vendor/laravel/framework/src/Illuminate/Pipeline/Pipeline.php(141): Illuminate\\Queue\\CallQueuedHandler->Illuminate\\Queue\\{closure}()\n#15 /var/www/dodavpn.com/vendor/laravel/framework/src/Illuminate/Pipeline/Pipeline.php(116): Illuminate\\Pipeline\\Pipeline->Illuminate\\Pipeline\\{closure}()\n#16 /var/www/dodavpn.com/vendor/laravel/framework/src/Illuminate/Queue/CallQueuedHandler.php(122): Illuminate\\Pipeline\\Pipeline->then()\n#17 /var/www/dodavpn.com/vendor/laravel/framework/src/Illuminate/Queue/CallQueuedHandler.php(70): Illuminate\\Queue\\CallQueuedHandler->dispatchThroughMiddleware()\n#18 /var/www/dodavpn.com/vendor/laravel/framework/src/Illuminate/Queue/Jobs/Job.php(102): Illuminate\\Queue\\CallQueuedHandler->call()\n#19 /var/www/dodavpn.com/vendor/laravel/framework/src/Illuminate/Queue/Worker.php(439): Illuminate\\Queue\\Jobs\\Job->fire()\n#20 /var/www/dodavpn.com/vendor/laravel/framework/src/Illuminate/Queue/Worker.php(389): Illuminate\\Queue\\Worker->process()\n#21 /var/www/dodavpn.com/vendor/laravel/framework/src/Illuminate/Queue/Worker.php(176): Illuminate\\Queue\\Worker->runJob()\n#22 /var/www/dodavpn.com/vendor/laravel/framework/src/Illuminate/Queue/Console/WorkCommand.php(137): Illuminate\\Queue\\Worker->daemon()\n#23 /var/www/dodavpn.com/vendor/laravel/framework/src/Illuminate/Queue/Console/WorkCommand.php(120): Illuminate\\Queue\\Console\\WorkCommand->runWorker()\n#24 /var/www/dodavpn.com/vendor/laravel/horizon/src/Console/WorkCommand.php(51): Illuminate\\Queue\\Console\\WorkCommand->handle()\n#25 /var/www/dodavpn.com/vendor/laravel/framework/src/Illuminate/Container/BoundMethod.php(36): Laravel\\Horizon\\Console\\WorkCommand->handle()\n#26 /var/www/dodavpn.com/vendor/laravel/framework/src/Illuminate/Container/Util.php(41): Illuminate\\Container\\BoundMethod::Illuminate\\Container\\{closure}()\n#27 /var/www/dodavpn.com/vendor/laravel/framework/src/Illuminate/Container/BoundMethod.php(93): Illuminate\\Container\\Util::unwrapIfClosure()\n#28 /var/www/dodavpn.com/vendor/laravel/framework/src/Illuminate/Container/BoundMethod.php(35): Illuminate\\Container\\BoundMethod::callBoundMethod()\n#29 /var/www/dodavpn.com/vendor/laravel/framework/src/Illuminate/Container/Container.php(662): Illuminate\\Container\\BoundMethod::call()\n#30 /var/www/dodavpn.com/vendor/laravel/framework/src/Illuminate/Console/Command.php(211): Illuminate\\Container\\Container->call()\n#31 /var/www/dodavpn.com/vendor/symfony/console/Command/Command.php(326): Illuminate\\Console\\Command->execute()\n#32 /var/www/dodavpn.com/vendor/laravel/framework/src/Illuminate/Console/Command.php(180): Symfony\\Component\\Console\\Command\\Command->run()\n#33 /var/www/dodavpn.com/vendor/symfony/console/Application.php(1096): Illuminate\\Console\\Command->run()\n#34 /var/www/dodavpn.com/vendor/symfony/console/Application.php(324): Symfony\\Component\\Console\\Application->doRunCommand()\n#35 /var/www/dodavpn.com/vendor/symfony/console/Application.php(175): Symfony\\Component\\Console\\Application->doRun()\n#36 /var/www/dodavpn.com/vendor/laravel/framework/src/Illuminate/Foundation/Console/Kernel.php(201): Symfony\\Component\\Console\\Application->run()\n#37 /var/www/dodavpn.com/artisan(35): Illuminate\\Foundation\\Console\\Kernel->handle()\n#38 {main}','2023-12-26 05:56:19'),(4,'e1070f18-7327-47de-bccc-2a90ba6dcf51','redis','default','{\"uuid\":\"e1070f18-7327-47de-bccc-2a90ba6dcf51\",\"displayName\":\"App\\\\Jobs\\\\ClientLogAction\",\"job\":\"Illuminate\\\\Queue\\\\CallQueuedHandler@call\",\"maxTries\":null,\"maxExceptions\":null,\"failOnTimeout\":false,\"backoff\":null,\"timeout\":null,\"retryUntil\":null,\"data\":{\"commandName\":\"App\\\\Jobs\\\\ClientLogAction\",\"command\":\"O:24:\\\"App\\\\Jobs\\\\ClientLogAction\\\":3:{s:13:\\\"\\u0000*\\u0000clientUuid\\\";s:36:\\\"c0e52e57-f880-4c77-9d2f-9095c3fb2544\\\";s:5:\\\"\\u0000*\\u0000ip\\\";s:12:\\\"84.54.78.114\\\";s:9:\\\"\\u0000*\\u0000action\\\";E:48:\\\"App\\\\Models\\\\Client\\\\Enum\\\\ClientAction:LIST_SERVERS\\\";}\"},\"id\":\"e1070f18-7327-47de-bccc-2a90ba6dcf51\",\"attempts\":0,\"type\":\"job\",\"tags\":[],\"silenced\":false,\"pushedAt\":\"1703587986.8045\"}','Error: Call to a member function update() on null in /var/www/dodavpn.com/app/Jobs/ClientLogAction.php:34\nStack trace:\n#0 /var/www/dodavpn.com/vendor/laravel/framework/src/Illuminate/Container/BoundMethod.php(36): App\\Jobs\\ClientLogAction->handle()\n#1 /var/www/dodavpn.com/vendor/laravel/framework/src/Illuminate/Container/Util.php(41): Illuminate\\Container\\BoundMethod::Illuminate\\Container\\{closure}()\n#2 /var/www/dodavpn.com/vendor/laravel/framework/src/Illuminate/Container/BoundMethod.php(93): Illuminate\\Container\\Util::unwrapIfClosure()\n#3 /var/www/dodavpn.com/vendor/laravel/framework/src/Illuminate/Container/BoundMethod.php(35): Illuminate\\Container\\BoundMethod::callBoundMethod()\n#4 /var/www/dodavpn.com/vendor/laravel/framework/src/Illuminate/Container/Container.php(662): Illuminate\\Container\\BoundMethod::call()\n#5 /var/www/dodavpn.com/vendor/laravel/framework/src/Illuminate/Bus/Dispatcher.php(128): Illuminate\\Container\\Container->call()\n#6 /var/www/dodavpn.com/vendor/laravel/framework/src/Illuminate/Pipeline/Pipeline.php(141): Illuminate\\Bus\\Dispatcher->Illuminate\\Bus\\{closure}()\n#7 /var/www/dodavpn.com/vendor/laravel/framework/src/Illuminate/Pipeline/Pipeline.php(116): Illuminate\\Pipeline\\Pipeline->Illuminate\\Pipeline\\{closure}()\n#8 /var/www/dodavpn.com/vendor/laravel/framework/src/Illuminate/Bus/Dispatcher.php(132): Illuminate\\Pipeline\\Pipeline->then()\n#9 /var/www/dodavpn.com/vendor/laravel/framework/src/Illuminate/Queue/CallQueuedHandler.php(123): Illuminate\\Bus\\Dispatcher->dispatchNow()\n#10 /var/www/dodavpn.com/vendor/laravel/framework/src/Illuminate/Pipeline/Pipeline.php(141): Illuminate\\Queue\\CallQueuedHandler->Illuminate\\Queue\\{closure}()\n#11 /var/www/dodavpn.com/vendor/laravel/framework/src/Illuminate/Pipeline/Pipeline.php(116): Illuminate\\Pipeline\\Pipeline->Illuminate\\Pipeline\\{closure}()\n#12 /var/www/dodavpn.com/vendor/laravel/framework/src/Illuminate/Queue/CallQueuedHandler.php(122): Illuminate\\Pipeline\\Pipeline->then()\n#13 /var/www/dodavpn.com/vendor/laravel/framework/src/Illuminate/Queue/CallQueuedHandler.php(70): Illuminate\\Queue\\CallQueuedHandler->dispatchThroughMiddleware()\n#14 /var/www/dodavpn.com/vendor/laravel/framework/src/Illuminate/Queue/Jobs/Job.php(102): Illuminate\\Queue\\CallQueuedHandler->call()\n#15 /var/www/dodavpn.com/vendor/laravel/framework/src/Illuminate/Queue/Worker.php(439): Illuminate\\Queue\\Jobs\\Job->fire()\n#16 /var/www/dodavpn.com/vendor/laravel/framework/src/Illuminate/Queue/Worker.php(389): Illuminate\\Queue\\Worker->process()\n#17 /var/www/dodavpn.com/vendor/laravel/framework/src/Illuminate/Queue/Worker.php(176): Illuminate\\Queue\\Worker->runJob()\n#18 /var/www/dodavpn.com/vendor/laravel/framework/src/Illuminate/Queue/Console/WorkCommand.php(137): Illuminate\\Queue\\Worker->daemon()\n#19 /var/www/dodavpn.com/vendor/laravel/framework/src/Illuminate/Queue/Console/WorkCommand.php(120): Illuminate\\Queue\\Console\\WorkCommand->runWorker()\n#20 /var/www/dodavpn.com/vendor/laravel/horizon/src/Console/WorkCommand.php(51): Illuminate\\Queue\\Console\\WorkCommand->handle()\n#21 /var/www/dodavpn.com/vendor/laravel/framework/src/Illuminate/Container/BoundMethod.php(36): Laravel\\Horizon\\Console\\WorkCommand->handle()\n#22 /var/www/dodavpn.com/vendor/laravel/framework/src/Illuminate/Container/Util.php(41): Illuminate\\Container\\BoundMethod::Illuminate\\Container\\{closure}()\n#23 /var/www/dodavpn.com/vendor/laravel/framework/src/Illuminate/Container/BoundMethod.php(93): Illuminate\\Container\\Util::unwrapIfClosure()\n#24 /var/www/dodavpn.com/vendor/laravel/framework/src/Illuminate/Container/BoundMethod.php(35): Illuminate\\Container\\BoundMethod::callBoundMethod()\n#25 /var/www/dodavpn.com/vendor/laravel/framework/src/Illuminate/Container/Container.php(662): Illuminate\\Container\\BoundMethod::call()\n#26 /var/www/dodavpn.com/vendor/laravel/framework/src/Illuminate/Console/Command.php(211): Illuminate\\Container\\Container->call()\n#27 /var/www/dodavpn.com/vendor/symfony/console/Command/Command.php(326): Illuminate\\Console\\Command->execute()\n#28 /var/www/dodavpn.com/vendor/laravel/framework/src/Illuminate/Console/Command.php(180): Symfony\\Component\\Console\\Command\\Command->run()\n#29 /var/www/dodavpn.com/vendor/symfony/console/Application.php(1096): Illuminate\\Console\\Command->run()\n#30 /var/www/dodavpn.com/vendor/symfony/console/Application.php(324): Symfony\\Component\\Console\\Application->doRunCommand()\n#31 /var/www/dodavpn.com/vendor/symfony/console/Application.php(175): Symfony\\Component\\Console\\Application->doRun()\n#32 /var/www/dodavpn.com/vendor/laravel/framework/src/Illuminate/Foundation/Console/Kernel.php(201): Symfony\\Component\\Console\\Application->run()\n#33 /var/www/dodavpn.com/artisan(35): Illuminate\\Foundation\\Console\\Kernel->handle()\n#34 {main}','2023-12-26 09:53:06'),(5,'c8e15b73-6c99-48b1-82f7-325b06c4db83','redis','default','{\"uuid\":\"c8e15b73-6c99-48b1-82f7-325b06c4db83\",\"displayName\":\"App\\\\Jobs\\\\ClientLogAction\",\"job\":\"Illuminate\\\\Queue\\\\CallQueuedHandler@call\",\"maxTries\":null,\"maxExceptions\":null,\"failOnTimeout\":false,\"backoff\":null,\"timeout\":null,\"retryUntil\":null,\"data\":{\"commandName\":\"App\\\\Jobs\\\\ClientLogAction\",\"command\":\"O:24:\\\"App\\\\Jobs\\\\ClientLogAction\\\":3:{s:13:\\\"\\u0000*\\u0000clientUuid\\\";s:224:\\\"{\\\"uuid\\\":\\\"c0e52e57-f880-4c77-9d2f-9095c3fb2544\\\",\\\"os_type\\\":\\\"android\\\",\\\"os_version\\\":\\\"12\\\",\\\"model\\\":\\\"galaxy a13\\\",\\\"email\\\":null,\\\"name\\\":null,\\\"updated_at\\\":\\\"2023-12-26T07:02:11.000000Z\\\",\\\"created_at\\\":\\\"2023-12-26T07:02:11.000000Z\\\",\\\"id\\\":1}\\\";s:5:\\\"\\u0000*\\u0000ip\\\";s:13:\\\"94.158.63.211\\\";s:9:\\\"\\u0000*\\u0000action\\\";E:48:\\\"App\\\\Models\\\\Client\\\\Enum\\\\ClientAction:LIST_SERVERS\\\";}\"},\"id\":\"c8e15b73-6c99-48b1-82f7-325b06c4db83\",\"attempts\":0,\"type\":\"job\",\"tags\":[],\"silenced\":false,\"pushedAt\":\"1703605641.4352\"}','Error: Call to a member function update() on null in /var/www/dodavpn.com/app/Jobs/ClientLogAction.php:34\nStack trace:\n#0 /var/www/dodavpn.com/vendor/laravel/framework/src/Illuminate/Container/BoundMethod.php(36): App\\Jobs\\ClientLogAction->handle()\n#1 /var/www/dodavpn.com/vendor/laravel/framework/src/Illuminate/Container/Util.php(41): Illuminate\\Container\\BoundMethod::Illuminate\\Container\\{closure}()\n#2 /var/www/dodavpn.com/vendor/laravel/framework/src/Illuminate/Container/BoundMethod.php(93): Illuminate\\Container\\Util::unwrapIfClosure()\n#3 /var/www/dodavpn.com/vendor/laravel/framework/src/Illuminate/Container/BoundMethod.php(35): Illuminate\\Container\\BoundMethod::callBoundMethod()\n#4 /var/www/dodavpn.com/vendor/laravel/framework/src/Illuminate/Container/Container.php(662): Illuminate\\Container\\BoundMethod::call()\n#5 /var/www/dodavpn.com/vendor/laravel/framework/src/Illuminate/Bus/Dispatcher.php(128): Illuminate\\Container\\Container->call()\n#6 /var/www/dodavpn.com/vendor/laravel/framework/src/Illuminate/Pipeline/Pipeline.php(141): Illuminate\\Bus\\Dispatcher->Illuminate\\Bus\\{closure}()\n#7 /var/www/dodavpn.com/vendor/laravel/framework/src/Illuminate/Pipeline/Pipeline.php(116): Illuminate\\Pipeline\\Pipeline->Illuminate\\Pipeline\\{closure}()\n#8 /var/www/dodavpn.com/vendor/laravel/framework/src/Illuminate/Bus/Dispatcher.php(132): Illuminate\\Pipeline\\Pipeline->then()\n#9 /var/www/dodavpn.com/vendor/laravel/framework/src/Illuminate/Queue/CallQueuedHandler.php(123): Illuminate\\Bus\\Dispatcher->dispatchNow()\n#10 /var/www/dodavpn.com/vendor/laravel/framework/src/Illuminate/Pipeline/Pipeline.php(141): Illuminate\\Queue\\CallQueuedHandler->Illuminate\\Queue\\{closure}()\n#11 /var/www/dodavpn.com/vendor/laravel/framework/src/Illuminate/Pipeline/Pipeline.php(116): Illuminate\\Pipeline\\Pipeline->Illuminate\\Pipeline\\{closure}()\n#12 /var/www/dodavpn.com/vendor/laravel/framework/src/Illuminate/Queue/CallQueuedHandler.php(122): Illuminate\\Pipeline\\Pipeline->then()\n#13 /var/www/dodavpn.com/vendor/laravel/framework/src/Illuminate/Queue/CallQueuedHandler.php(70): Illuminate\\Queue\\CallQueuedHandler->dispatchThroughMiddleware()\n#14 /var/www/dodavpn.com/vendor/laravel/framework/src/Illuminate/Queue/Jobs/Job.php(102): Illuminate\\Queue\\CallQueuedHandler->call()\n#15 /var/www/dodavpn.com/vendor/laravel/framework/src/Illuminate/Queue/Worker.php(439): Illuminate\\Queue\\Jobs\\Job->fire()\n#16 /var/www/dodavpn.com/vendor/laravel/framework/src/Illuminate/Queue/Worker.php(389): Illuminate\\Queue\\Worker->process()\n#17 /var/www/dodavpn.com/vendor/laravel/framework/src/Illuminate/Queue/Worker.php(176): Illuminate\\Queue\\Worker->runJob()\n#18 /var/www/dodavpn.com/vendor/laravel/framework/src/Illuminate/Queue/Console/WorkCommand.php(137): Illuminate\\Queue\\Worker->daemon()\n#19 /var/www/dodavpn.com/vendor/laravel/framework/src/Illuminate/Queue/Console/WorkCommand.php(120): Illuminate\\Queue\\Console\\WorkCommand->runWorker()\n#20 /var/www/dodavpn.com/vendor/laravel/horizon/src/Console/WorkCommand.php(51): Illuminate\\Queue\\Console\\WorkCommand->handle()\n#21 /var/www/dodavpn.com/vendor/laravel/framework/src/Illuminate/Container/BoundMethod.php(36): Laravel\\Horizon\\Console\\WorkCommand->handle()\n#22 /var/www/dodavpn.com/vendor/laravel/framework/src/Illuminate/Container/Util.php(41): Illuminate\\Container\\BoundMethod::Illuminate\\Container\\{closure}()\n#23 /var/www/dodavpn.com/vendor/laravel/framework/src/Illuminate/Container/BoundMethod.php(93): Illuminate\\Container\\Util::unwrapIfClosure()\n#24 /var/www/dodavpn.com/vendor/laravel/framework/src/Illuminate/Container/BoundMethod.php(35): Illuminate\\Container\\BoundMethod::callBoundMethod()\n#25 /var/www/dodavpn.com/vendor/laravel/framework/src/Illuminate/Container/Container.php(662): Illuminate\\Container\\BoundMethod::call()\n#26 /var/www/dodavpn.com/vendor/laravel/framework/src/Illuminate/Console/Command.php(211): Illuminate\\Container\\Container->call()\n#27 /var/www/dodavpn.com/vendor/symfony/console/Command/Command.php(326): Illuminate\\Console\\Command->execute()\n#28 /var/www/dodavpn.com/vendor/laravel/framework/src/Illuminate/Console/Command.php(180): Symfony\\Component\\Console\\Command\\Command->run()\n#29 /var/www/dodavpn.com/vendor/symfony/console/Application.php(1096): Illuminate\\Console\\Command->run()\n#30 /var/www/dodavpn.com/vendor/symfony/console/Application.php(324): Symfony\\Component\\Console\\Application->doRunCommand()\n#31 /var/www/dodavpn.com/vendor/symfony/console/Application.php(175): Symfony\\Component\\Console\\Application->doRun()\n#32 /var/www/dodavpn.com/vendor/laravel/framework/src/Illuminate/Foundation/Console/Kernel.php(201): Symfony\\Component\\Console\\Application->run()\n#33 /var/www/dodavpn.com/artisan(35): Illuminate\\Foundation\\Console\\Kernel->handle()\n#34 {main}','2023-12-26 14:47:24');
/*!40000 ALTER TABLE `failed_jobs` ENABLE KEYS */;
UNLOCK TABLES;

--
-- Table structure for table `job_batches`
--

DROP TABLE IF EXISTS `job_batches`;
/*!40101 SET @saved_cs_client     = @@character_set_client */;
/*!50503 SET character_set_client = utf8mb4 */;
CREATE TABLE `job_batches` (
  `id` varchar(255) COLLATE utf8mb4_unicode_ci NOT NULL,
  `name` varchar(255) COLLATE utf8mb4_unicode_ci NOT NULL,
  `total_jobs` int NOT NULL,
  `pending_jobs` int NOT NULL,
  `failed_jobs` int NOT NULL,
  `failed_job_ids` longtext COLLATE utf8mb4_unicode_ci NOT NULL,
  `options` mediumtext COLLATE utf8mb4_unicode_ci,
  `cancelled_at` int DEFAULT NULL,
  `created_at` int NOT NULL,
  `finished_at` int DEFAULT NULL,
  PRIMARY KEY (`id`)
) ENGINE=InnoDB DEFAULT CHARSET=utf8mb4 COLLATE=utf8mb4_unicode_ci;
/*!40101 SET character_set_client = @saved_cs_client */;

--
-- Dumping data for table `job_batches`
--

LOCK TABLES `job_batches` WRITE;
/*!40000 ALTER TABLE `job_batches` DISABLE KEYS */;
/*!40000 ALTER TABLE `job_batches` ENABLE KEYS */;
UNLOCK TABLES;

--
-- Table structure for table `jobs`
--

DROP TABLE IF EXISTS `jobs`;
/*!40101 SET @saved_cs_client     = @@character_set_client */;
/*!50503 SET character_set_client = utf8mb4 */;
CREATE TABLE `jobs` (
  `id` bigint unsigned NOT NULL AUTO_INCREMENT,
  `queue` varchar(255) COLLATE utf8mb4_unicode_ci NOT NULL,
  `payload` longtext COLLATE utf8mb4_unicode_ci NOT NULL,
  `attempts` tinyint unsigned NOT NULL,
  `reserved_at` int unsigned DEFAULT NULL,
  `available_at` int unsigned NOT NULL,
  `created_at` int unsigned NOT NULL,
  PRIMARY KEY (`id`),
  KEY `jobs_queue_index` (`queue`)
) ENGINE=InnoDB DEFAULT CHARSET=utf8mb4 COLLATE=utf8mb4_unicode_ci;
/*!40101 SET character_set_client = @saved_cs_client */;

--
-- Dumping data for table `jobs`
--

LOCK TABLES `jobs` WRITE;
/*!40000 ALTER TABLE `jobs` DISABLE KEYS */;
/*!40000 ALTER TABLE `jobs` ENABLE KEYS */;
UNLOCK TABLES;

--
-- Table structure for table `migrations`
--

DROP TABLE IF EXISTS `migrations`;
/*!40101 SET @saved_cs_client     = @@character_set_client */;
/*!50503 SET character_set_client = utf8mb4 */;
CREATE TABLE `migrations` (
  `id` int unsigned NOT NULL AUTO_INCREMENT,
  `migration` varchar(255) COLLATE utf8mb4_unicode_ci NOT NULL,
  `batch` int NOT NULL,
  PRIMARY KEY (`id`)
) ENGINE=InnoDB AUTO_INCREMENT=15 DEFAULT CHARSET=utf8mb4 COLLATE=utf8mb4_unicode_ci;
/*!40101 SET character_set_client = @saved_cs_client */;

--
-- Dumping data for table `migrations`
--

LOCK TABLES `migrations` WRITE;
/*!40000 ALTER TABLE `migrations` DISABLE KEYS */;
INSERT INTO `migrations` VALUES (1,'2014_10_12_000000_create_users_table',1),(2,'2014_10_12_100000_create_password_reset_tokens_table',1),(3,'2019_08_19_000000_create_failed_jobs_table',1),(4,'2019_12_14_000001_create_personal_access_tokens_table',1),(5,'2023_12_13_110058_create_servers_table',1),(6,'2023_12_13_183641_create_job_batches_table',1),(7,'2023_12_13_183652_create_jobs_table',1),(8,'2023_12_13_185740_create_filament-jobs-monitor_table',1),(9,'2023_12_14_164547_create_pritunls_table',1),(10,'2023_12_15_103408_create_pritunl_users_table',1),(11,'2023_12_16_223233_create_clients_table',1),(12,'2023_12_16_225157_create_tokens_table',1),(13,'2023_12_18_114621_create_client_logs_table',1),(14,'2023_12_21_142146_create_client_pritunl_user_connections_table',1);
/*!40000 ALTER TABLE `migrations` ENABLE KEYS */;
UNLOCK TABLES;

--
-- Table structure for table `password_reset_tokens`
--

DROP TABLE IF EXISTS `password_reset_tokens`;
/*!40101 SET @saved_cs_client     = @@character_set_client */;
/*!50503 SET character_set_client = utf8mb4 */;
CREATE TABLE `password_reset_tokens` (
  `email` varchar(255) COLLATE utf8mb4_unicode_ci NOT NULL,
  `token` varchar(255) COLLATE utf8mb4_unicode_ci NOT NULL,
  `created_at` timestamp NULL DEFAULT NULL,
  PRIMARY KEY (`email`)
) ENGINE=InnoDB DEFAULT CHARSET=utf8mb4 COLLATE=utf8mb4_unicode_ci;
/*!40101 SET character_set_client = @saved_cs_client */;

--
-- Dumping data for table `password_reset_tokens`
--

LOCK TABLES `password_reset_tokens` WRITE;
/*!40000 ALTER TABLE `password_reset_tokens` DISABLE KEYS */;
/*!40000 ALTER TABLE `password_reset_tokens` ENABLE KEYS */;
UNLOCK TABLES;

--
-- Table structure for table `personal_access_tokens`
--

DROP TABLE IF EXISTS `personal_access_tokens`;
/*!40101 SET @saved_cs_client     = @@character_set_client */;
/*!50503 SET character_set_client = utf8mb4 */;
CREATE TABLE `personal_access_tokens` (
  `id` bigint unsigned NOT NULL AUTO_INCREMENT,
  `tokenable_type` varchar(255) COLLATE utf8mb4_unicode_ci NOT NULL,
  `tokenable_id` bigint unsigned NOT NULL,
  `name` varchar(255) COLLATE utf8mb4_unicode_ci NOT NULL,
  `token` varchar(64) COLLATE utf8mb4_unicode_ci NOT NULL,
  `abilities` text COLLATE utf8mb4_unicode_ci,
  `last_used_at` timestamp NULL DEFAULT NULL,
  `expires_at` timestamp NULL DEFAULT NULL,
  `created_at` timestamp NULL DEFAULT NULL,
  `updated_at` timestamp NULL DEFAULT NULL,
  PRIMARY KEY (`id`),
  UNIQUE KEY `personal_access_tokens_token_unique` (`token`),
  KEY `personal_access_tokens_tokenable_type_tokenable_id_index` (`tokenable_type`,`tokenable_id`)
) ENGINE=InnoDB DEFAULT CHARSET=utf8mb4 COLLATE=utf8mb4_unicode_ci;
/*!40101 SET character_set_client = @saved_cs_client */;

--
-- Dumping data for table `personal_access_tokens`
--

LOCK TABLES `personal_access_tokens` WRITE;
/*!40000 ALTER TABLE `personal_access_tokens` DISABLE KEYS */;
/*!40000 ALTER TABLE `personal_access_tokens` ENABLE KEYS */;
UNLOCK TABLES;

--
-- Table structure for table `pritunl_users`
--

DROP TABLE IF EXISTS `pritunl_users`;
/*!40101 SET @saved_cs_client     = @@character_set_client */;
/*!50503 SET character_set_client = utf8mb4 */;
CREATE TABLE `pritunl_users` (
  `id` bigint unsigned NOT NULL AUTO_INCREMENT,
  `pritunl_id` bigint unsigned NOT NULL,
  `server_ip` varchar(20) COLLATE utf8mb4_unicode_ci DEFAULT NULL,
  `status` varchar(20) COLLATE utf8mb4_unicode_ci DEFAULT NULL,
  `name` varchar(50) COLLATE utf8mb4_unicode_ci DEFAULT NULL,
  `internal_user_id` varchar(50) COLLATE utf8mb4_unicode_ci DEFAULT NULL,
  `opt_secret` varchar(100) COLLATE utf8mb4_unicode_ci DEFAULT NULL,
  `is_online` tinyint(1) NOT NULL DEFAULT '0',
  `last_active` datetime DEFAULT NULL,
  `vpn_config_path` varchar(255) COLLATE utf8mb4_unicode_ci DEFAULT NULL,
  `disabled` tinyint(1) NOT NULL DEFAULT '0',
  `created_at` timestamp NULL DEFAULT NULL,
  `updated_at` timestamp NULL DEFAULT NULL,
  PRIMARY KEY (`id`),
  KEY `pritunl_users_pritunl_id_foreign` (`pritunl_id`),
  CONSTRAINT `pritunl_users_pritunl_id_foreign` FOREIGN KEY (`pritunl_id`) REFERENCES `pritunls` (`id`) ON DELETE CASCADE
) ENGINE=InnoDB AUTO_INCREMENT=329 DEFAULT CHARSET=utf8mb4 COLLATE=utf8mb4_unicode_ci;
/*!40101 SET character_set_client = @saved_cs_client */;

--
-- Dumping data for table `pritunl_users`
--

LOCK TABLES `pritunl_users` WRITE;
/*!40000 ALTER TABLE `pritunl_users` DISABLE KEYS */;
INSERT INTO `pritunl_users` VALUES (54,1,'185.139.228.213','in_use','rEguby','6589e45a87c2b97cc9fae94d','6XBL577FIUE3ISZN',0,'2024-01-03 13:36:53','/var/www/dodavpn.com/storage/servers/vpnconfigs/185.139.228.213/65894f1c999b97bc970cc594/6589e45a87c2b97cc9fae94d/config.ovpn',0,'2023-12-25 19:24:51','2024-01-03 13:47:24'),(55,1,'185.139.228.213','in_use','srffTZ','6589e49387c2b97cc9fae9df','QRK5TYSLBPEHFVOU',0,'2024-01-03 11:28:33','/var/www/dodavpn.com/storage/servers/vpnconfigs/185.139.228.213/65894f1c999b97bc970cc594/6589e49387c2b97cc9fae9df/config.ovpn',0,'2023-12-25 19:24:52','2024-01-03 13:48:18'),(56,1,'185.139.228.213','in_use','tDPay7','6589e47f87c2b97cc9fae9aa','TWB4O2CN2GZ6XCSW',0,'2024-01-03 11:52:44','/var/www/dodavpn.com/storage/servers/vpnconfigs/185.139.228.213/65894f1c999b97bc970cc594/6589e47f87c2b97cc9fae9aa/config.ovpn',0,'2023-12-25 19:24:53','2024-01-03 13:48:54'),(57,1,'185.139.228.213','in_use','uDIWDG','6589e49087c2b97cc9fae9d7','M5J7ZXRMIOJ2Y7O5',0,'2024-01-03 14:51:45','/var/www/dodavpn.com/storage/servers/vpnconfigs/185.139.228.213/65894f1c999b97bc970cc594/6589e49087c2b97cc9fae9d7/config.ovpn',0,'2023-12-25 19:24:54','2024-01-03 13:53:21'),(58,1,'185.139.228.213','in_use','w3fxmb','6589e47687c2b97cc9fae995','SJHP7YKSQCTKWGWP',0,'2024-01-03 13:33:47','/var/www/dodavpn.com/storage/servers/vpnconfigs/185.139.228.213/65894f1c999b97bc970cc594/6589e47687c2b97cc9fae995/config.ovpn',0,'2023-12-25 19:24:58','2024-01-03 14:16:09'),(59,1,'185.139.228.213','in_use','y0r7ZW','6589e45f87c2b97cc9fae95d','P2JTNGNFTZX3WYEU',0,'2024-01-03 13:33:54','/var/www/dodavpn.com/storage/servers/vpnconfigs/185.139.228.213/65894f1c999b97bc970cc594/6589e45f87c2b97cc9fae95d/config.ovpn',0,'2023-12-25 19:24:59','2024-01-03 14:18:48'),(64,1,'185.139.228.213','in_use','ArZdVB','6589e51787c2b97cc9faea92','7VW2FBTXZI2QLFH6',0,'2024-01-03 13:35:06','/var/www/dodavpn.com/storage/servers/vpnconfigs/185.139.228.213/65894f1c999b97bc970cc594/6589e51787c2b97cc9faea92/config.ovpn',0,'2023-12-25 19:25:31','2024-01-03 14:19:15'),(65,1,'185.139.228.213','in_use','Bmb1Nl','6589e50987c2b97cc9faea73','LBXUGIWATRBLI7HE',0,'2024-01-03 13:35:12','/var/www/dodavpn.com/storage/servers/vpnconfigs/185.139.228.213/65894f1c999b97bc970cc594/6589e50987c2b97cc9faea73/config.ovpn',0,'2023-12-25 19:25:31','2024-01-03 21:08:29'),(66,1,'185.139.228.213','in_use','C5qfo5','6589e4f287c2b97cc9faea29','7WSP6O7YCQLIFCHL',0,'2024-01-03 13:35:17','/var/www/dodavpn.com/storage/servers/vpnconfigs/185.139.228.213/65894f1c999b97bc970cc594/6589e4f287c2b97cc9faea29/config.ovpn',0,'2023-12-25 19:25:31','2024-01-04 03:57:43'),(67,1,'185.139.228.213','in_use','D9KBx2','6589e4ee87c2b97cc9faea1f','3KZ3U6WEIKA4TBFO',0,'1970-01-01 00:00:00','/var/www/dodavpn.com/storage/servers/vpnconfigs/185.139.228.213/65894f1c999b97bc970cc594/6589e4ee87c2b97cc9faea1f/config.ovpn',0,'2023-12-25 19:25:32','2024-01-04 03:57:44'),(68,1,'185.139.228.213','in_use','Ks4uap','6589e51987c2b97cc9faea96','R6TWK3SPRTUPH73Y',0,'1970-01-01 00:00:00','/var/www/dodavpn.com/storage/servers/vpnconfigs/185.139.228.213/65894f1c999b97bc970cc594/6589e51987c2b97cc9faea96/config.ovpn',0,'2023-12-25 19:25:33','2024-01-04 03:57:45'),(69,1,'185.139.228.213','in_use','POvELC','6589e50087c2b97cc9faea56','B5ZBXI6MCIGXSNBF',0,'1970-01-01 00:00:00','/var/www/dodavpn.com/storage/servers/vpnconfigs/185.139.228.213/65894f1c999b97bc970cc594/6589e50087c2b97cc9faea56/config.ovpn',0,'2023-12-25 19:25:34','2024-01-04 03:57:48'),(70,1,'185.139.228.213','in_use','QHYHJZ','6589e51c87c2b97cc9faea9f','JORJCIFNZOE4SKN6',0,'1970-01-01 00:00:00','/var/www/dodavpn.com/storage/servers/vpnconfigs/185.139.228.213/65894f1c999b97bc970cc594/6589e51c87c2b97cc9faea9f/config.ovpn',0,'2023-12-25 19:25:34','2024-01-04 03:57:51'),(71,1,'185.139.228.213','in_use','R6AKP4','6589e50a87c2b97cc9faea78','VBJXSDSON45JFKAB',0,'1970-01-01 00:00:00','/var/www/dodavpn.com/storage/servers/vpnconfigs/185.139.228.213/65894f1c999b97bc970cc594/6589e50a87c2b97cc9faea78/config.ovpn',0,'2023-12-25 19:25:34','2024-01-04 03:57:51'),(72,1,'185.139.228.213','in_use','Vr2zIr','6589e51c87c2b97cc9faeaaa','ZRWBEQS2RDTS722L',0,'1970-01-01 00:00:00','/var/www/dodavpn.com/storage/servers/vpnconfigs/185.139.228.213/65894f1c999b97bc970cc594/6589e51c87c2b97cc9faeaaa/config.ovpn',0,'2023-12-25 19:25:35','2024-01-04 03:57:54'),(73,1,'185.139.228.213','in_use','X272ju','6589e4fe87c2b97cc9faea52','3WP5O3GDGPGAZRXV',0,'1970-01-01 00:00:00','/var/www/dodavpn.com/storage/servers/vpnconfigs/185.139.228.213/65894f1c999b97bc970cc594/6589e4fe87c2b97cc9faea52/config.ovpn',0,'2023-12-25 19:25:35','2024-01-04 03:57:54'),(74,1,'185.139.228.213','in_use','XqxlUD','6589e4f487c2b97cc9faea2f','K6GSB7BVICSPVAAI',0,'1970-01-01 00:00:00','/var/www/dodavpn.com/storage/servers/vpnconfigs/185.139.228.213/65894f1c999b97bc970cc594/6589e4f487c2b97cc9faea2f/config.ovpn',0,'2023-12-25 19:25:35','2024-01-04 03:57:57'),(75,1,'185.139.228.213','in_use','ZbA3PI','6589e51a87c2b97cc9faea9b','WJRT2RKUPOE5GF7Z',0,'1970-01-01 00:00:00','/var/www/dodavpn.com/storage/servers/vpnconfigs/185.139.228.213/65894f1c999b97bc970cc594/6589e51a87c2b97cc9faea9b/config.ovpn',0,'2023-12-25 19:25:36','2024-01-04 03:58:00'),(76,1,'185.139.228.213','in_use','b0p9zn','6589e51487c2b97cc9faea85','MU4TNEH7GTGOWL7T',0,'1970-01-01 00:00:00','/var/www/dodavpn.com/storage/servers/vpnconfigs/185.139.228.213/65894f1c999b97bc970cc594/6589e51487c2b97cc9faea85/config.ovpn',0,'2023-12-25 19:25:36','2024-01-04 03:58:03'),(77,1,'185.139.228.213','in_use','gQTfRe','6589e50687c2b97cc9faea64','TEP26ZUCFYKAR2S5',0,'1970-01-01 00:00:00','/var/www/dodavpn.com/storage/servers/vpnconfigs/185.139.228.213/65894f1c999b97bc970cc594/6589e50687c2b97cc9faea64/config.ovpn',0,'2023-12-25 19:25:37','2024-01-04 03:58:03'),(78,1,'185.139.228.213','in_use','gzTe62','6589e4f687c2b97cc9faea34','BZ6IF375XGPLXRH6',0,'2024-01-04 04:58:17','/var/www/dodavpn.com/storage/servers/vpnconfigs/185.139.228.213/65894f1c999b97bc970cc594/6589e4f687c2b97cc9faea34/config.ovpn',0,'2023-12-25 19:25:37','2024-01-04 03:59:13'),(79,1,'185.139.228.213','in_use','iU5K5E','6589e50487c2b97cc9faea60','QUMUWDV22RUU2ZZ7',0,'1970-01-01 00:00:00','/var/www/dodavpn.com/storage/servers/vpnconfigs/185.139.228.213/65894f1c999b97bc970cc594/6589e50487c2b97cc9faea60/config.ovpn',0,'2023-12-25 19:25:37','2024-01-04 03:59:14'),(80,1,'185.139.228.213','in_use','kUV0Cf','6589e4fc87c2b97cc9faea4a','LOPM7SQI4MGGQC22',0,'1970-01-01 00:00:00','/var/www/dodavpn.com/storage/servers/vpnconfigs/185.139.228.213/65894f1c999b97bc970cc594/6589e4fc87c2b97cc9faea4a/config.ovpn',0,'2023-12-25 19:25:38','2024-01-04 03:59:16'),(81,1,'185.139.228.213','in_use','m4mFsc','6589e4f887c2b97cc9faea3c','KPBVCXMW7HYGUPWG',0,'1970-01-01 00:00:00','/var/www/dodavpn.com/storage/servers/vpnconfigs/185.139.228.213/65894f1c999b97bc970cc594/6589e4f887c2b97cc9faea3c/config.ovpn',0,'2023-12-25 19:25:38','2024-01-04 03:59:17'),(82,1,'185.139.228.213','in_use','nryLKW','6589e50187c2b97cc9faea5b','62M7IT75F3OXGNZP',0,'1970-01-01 00:00:00','/var/www/dodavpn.com/storage/servers/vpnconfigs/185.139.228.213/65894f1c999b97bc970cc594/6589e50187c2b97cc9faea5b/config.ovpn',0,'2023-12-25 19:25:38','2024-01-04 03:59:40'),(83,1,'185.139.228.213','in_use','oYxSoI','6589e51287c2b97cc9faea80','AQFS4G4W47HKT62U',0,'1970-01-01 00:00:00','/var/www/dodavpn.com/storage/servers/vpnconfigs/185.139.228.213/65894f1c999b97bc970cc594/6589e51287c2b97cc9faea80/config.ovpn',0,'2023-12-25 19:25:39','2024-01-04 04:00:24'),(84,1,'185.139.228.213','active','q8yCYU','6589e51587c2b97cc9faea89','IPPIEF5AGNEAGJIJ',0,'1970-01-01 00:00:00','/var/www/dodavpn.com/storage/servers/vpnconfigs/185.139.228.213/65894f1c999b97bc970cc594/6589e51587c2b97cc9faea89/config.ovpn',0,'2023-12-25 19:25:39','2024-01-03 13:45:13'),(85,1,'185.139.228.213','active','qvkx5x','6589e4f187c2b97cc9faea24','MFFTZAC6EABVXMZA',0,'1970-01-01 00:00:00','/var/www/dodavpn.com/storage/servers/vpnconfigs/185.139.228.213/65894f1c999b97bc970cc594/6589e4f187c2b97cc9faea24/config.ovpn',0,'2023-12-25 19:25:39','2024-01-03 13:45:13'),(86,1,'185.139.228.213','active','twelC1','6589e4ed87c2b97cc9faea1b','C27VNXQKM2CWJEAT',0,'1970-01-01 00:00:00','/var/www/dodavpn.com/storage/servers/vpnconfigs/185.139.228.213/65894f1c999b97bc970cc594/6589e4ed87c2b97cc9faea1b/config.ovpn',0,'2023-12-25 19:25:40','2024-01-03 13:45:15'),(131,1,'185.139.228.213','active','Rk70Sd','6589e36187c2b97cc9fae8a7','FBNPDJFHRIVY5HIQ',0,'1970-01-01 00:00:00','/var/www/dodavpn.com/storage/servers/vpnconfigs/185.139.228.213/65894f1c999b97bc970cc594/6589e36187c2b97cc9fae8a7/config.ovpn',0,'2023-12-25 19:41:06','2024-01-03 13:45:07'),(132,5,'93.114.133.234','in_use','4H8ZuN','658a7a0e99c7d46da9e5918b','55F5K44OURNYCDI3',0,'2024-01-03 14:44:01','/var/www/dodavpn.com/storage/servers/vpnconfigs/93.114.133.234/658a77cd9118559fa8f6eb46/658a7a0e99c7d46da9e5918b/config.ovpn',0,'2023-12-26 06:00:39','2024-01-03 13:56:22'),(160,5,'93.114.133.234','in_use','W8LziB','658a77cf9118559fa8f6eb65','WLNT2I75UWVSCKPM',0,'1970-01-01 00:00:00','/var/www/dodavpn.com/storage/servers/vpnconfigs/93.114.133.234/658a77cd9118559fa8f6eb46/658a77cf9118559fa8f6eb65/config.ovpn',0,'2023-12-26 06:15:16','2024-01-03 13:56:25'),(161,5,'93.114.133.234','in_use','WyFE5G','658a77cf9118559fa8f6eb5d','EPSEVZJFDH2WD6SA',0,'1970-01-01 00:00:00','/var/www/dodavpn.com/storage/servers/vpnconfigs/93.114.133.234/658a77cd9118559fa8f6eb46/658a77cf9118559fa8f6eb5d/config.ovpn',0,'2023-12-26 06:15:16','2024-01-03 13:56:28'),(162,5,'93.114.133.234','in_use','4Jkuof','658af5f099c7d46da9e5d9bc','MYI2NTQMM4FEURKP',0,'1970-01-01 00:00:00','/var/www/dodavpn.com/storage/servers/vpnconfigs/93.114.133.234/658a77cd9118559fa8f6eb46/658af5f099c7d46da9e5d9bc/config.ovpn',0,'2023-12-26 14:52:36','2024-01-03 13:56:28'),(163,5,'93.114.133.234','in_use','5c0s97','658af5f799c7d46da9e5d9cc','LTHERDQ75XM3VIHJ',0,'1970-01-01 00:00:00','/var/www/dodavpn.com/storage/servers/vpnconfigs/93.114.133.234/658a77cd9118559fa8f6eb46/658af5f799c7d46da9e5d9cc/config.ovpn',0,'2023-12-26 14:52:36','2024-01-03 13:56:31'),(164,5,'93.114.133.234','in_use','6EMyFf','658af61399c7d46da9e5da16','ICCCWB3RUSOD33V7',0,'1970-01-01 00:00:00','/var/www/dodavpn.com/storage/servers/vpnconfigs/93.114.133.234/658a77cd9118559fa8f6eb46/658af61399c7d46da9e5da16/config.ovpn',0,'2023-12-26 14:52:36','2024-01-03 13:56:35'),(165,5,'93.114.133.234','in_use','6ewLe1','658af5e399c7d46da9e5d999','Y4ZXH72U7JIV73WR',0,'1970-01-01 00:00:00','/var/www/dodavpn.com/storage/servers/vpnconfigs/93.114.133.234/658a77cd9118559fa8f6eb46/658af5e399c7d46da9e5d999/config.ovpn',0,'2023-12-26 14:52:37','2024-01-03 14:19:27'),(166,5,'93.114.133.234','active','6x8t2z','658af5fa99c7d46da9e5d9d1','LC7744SR4PHJ3RQC',0,'1970-01-01 00:00:00','/var/www/dodavpn.com/storage/servers/vpnconfigs/93.114.133.234/658a77cd9118559fa8f6eb46/658af5fa99c7d46da9e5d9d1/config.ovpn',0,'2023-12-26 14:52:37','2024-01-03 13:46:50'),(167,5,'93.114.133.234','active','8XpHab','658af5ee99c7d46da9e5d9b3','ONDO2YSYEVQPV7KF',0,'1970-01-01 00:00:00','/var/www/dodavpn.com/storage/servers/vpnconfigs/93.114.133.234/658a77cd9118559fa8f6eb46/658af5ee99c7d46da9e5d9b3/config.ovpn',0,'2023-12-26 14:52:37','2024-01-03 13:46:50'),(168,5,'93.114.133.234','active','8jB71X','658af61399c7d46da9e5da1c','UTXHXVV4ZSTQUK4V',0,'1970-01-01 00:00:00','/var/www/dodavpn.com/storage/servers/vpnconfigs/93.114.133.234/658a77cd9118559fa8f6eb46/658af61399c7d46da9e5da1c/config.ovpn',0,'2023-12-26 14:52:37','2024-01-03 13:46:50'),(169,5,'93.114.133.234','active','ApUaKv','658af60599c7d46da9e5d9ef','3YNNTETYK6R6PYXB',0,'1970-01-01 00:00:00','/var/www/dodavpn.com/storage/servers/vpnconfigs/93.114.133.234/658a77cd9118559fa8f6eb46/658af60599c7d46da9e5d9ef/config.ovpn',0,'2023-12-26 14:52:37','2024-01-03 13:46:51'),(170,5,'93.114.133.234','active','Eq4fAt','658af60799c7d46da9e5d9f8','TTVDHDDJCB44VN4H',0,'1970-01-01 00:00:00','/var/www/dodavpn.com/storage/servers/vpnconfigs/93.114.133.234/658a77cd9118559fa8f6eb46/658af60799c7d46da9e5d9f8/config.ovpn',0,'2023-12-26 14:52:37','2024-01-03 13:46:51'),(171,5,'93.114.133.234','active','GVJkJL','658af5ff99c7d46da9e5d9db','OIUXPN23EW3DTNQY',0,'2024-01-03 12:32:26','/var/www/dodavpn.com/storage/servers/vpnconfigs/93.114.133.234/658a77cd9118559fa8f6eb46/658af5ff99c7d46da9e5d9db/config.ovpn',0,'2023-12-26 14:52:37','2024-01-03 13:46:52'),(172,5,'93.114.133.234','active','HmbL7y','658af60699c7d46da9e5d9f3','YR3R3XQ6I2XJA4K3',0,'2024-01-03 13:05:23','/var/www/dodavpn.com/storage/servers/vpnconfigs/93.114.133.234/658a77cd9118559fa8f6eb46/658af60699c7d46da9e5d9f3/config.ovpn',0,'2023-12-26 14:52:37','2024-01-03 13:46:52'),(173,5,'93.114.133.234','active','HxYA7V','658af60399c7d46da9e5d9e6','MB23ZURVALQVX2HZ',0,'1970-01-01 00:00:00','/var/www/dodavpn.com/storage/servers/vpnconfigs/93.114.133.234/658a77cd9118559fa8f6eb46/658af60399c7d46da9e5d9e6/config.ovpn',0,'2023-12-26 14:52:38','2024-01-03 13:46:52'),(174,5,'93.114.133.234','active','KLrrVU','658af60d99c7d46da9e5da05','W3NETTRJVBYU5QHX',0,'1970-01-01 00:00:00','/var/www/dodavpn.com/storage/servers/vpnconfigs/93.114.133.234/658a77cd9118559fa8f6eb46/658af60d99c7d46da9e5da05/config.ovpn',0,'2023-12-26 14:52:38','2024-01-03 13:46:52'),(175,5,'93.114.133.234','active','P2JZUr','658af5ea99c7d46da9e5d9a7','G424A3CXT5MW27WP',1,'2024-01-03 14:36:32','/var/www/dodavpn.com/storage/servers/vpnconfigs/93.114.133.234/658a77cd9118559fa8f6eb46/658af5ea99c7d46da9e5d9a7/config.ovpn',0,'2023-12-26 14:52:38','2024-01-03 13:46:53'),(176,5,'93.114.133.234','active','QhCLtN','658af5ec99c7d46da9e5d9ab','IDYHIUDW23UKU27O',0,'2024-01-03 13:24:44','/var/www/dodavpn.com/storage/servers/vpnconfigs/93.114.133.234/658a77cd9118559fa8f6eb46/658af5ec99c7d46da9e5d9ab/config.ovpn',0,'2023-12-26 14:52:38','2024-01-03 13:46:53'),(177,5,'93.114.133.234','active','TUs3Ae','658af60d99c7d46da9e5da09','CHMTWGOSN3WLYK7U',0,'1970-01-01 00:00:00','/var/www/dodavpn.com/storage/servers/vpnconfigs/93.114.133.234/658a77cd9118559fa8f6eb46/658af60d99c7d46da9e5da09/config.ovpn',0,'2023-12-26 14:52:38','2024-01-03 13:46:54'),(178,5,'93.114.133.234','active','ULzTcz','658af60a99c7d46da9e5da00','DNPNZWE27YXQIKVZ',0,'1970-01-01 00:00:00','/var/www/dodavpn.com/storage/servers/vpnconfigs/93.114.133.234/658a77cd9118559fa8f6eb46/658af60a99c7d46da9e5da00/config.ovpn',0,'2023-12-26 14:52:38','2024-01-03 13:46:54'),(179,5,'93.114.133.234','active','XjtXlL','658af5ef99c7d46da9e5d9b8','HGMUQQAOZIAMMFBG',0,'1970-01-01 00:00:00','/var/www/dodavpn.com/storage/servers/vpnconfigs/93.114.133.234/658a77cd9118559fa8f6eb46/658af5ef99c7d46da9e5d9b8/config.ovpn',0,'2023-12-26 14:52:38','2024-01-03 13:46:55'),(180,5,'93.114.133.234','active','XoVTUT','658af5fc99c7d46da9e5d9d6','JC6SEC7VNRE6VO4D',0,'1970-01-01 00:00:00','/var/www/dodavpn.com/storage/servers/vpnconfigs/93.114.133.234/658a77cd9118559fa8f6eb46/658af5fc99c7d46da9e5d9d6/config.ovpn',0,'2023-12-26 14:52:39','2024-01-03 13:46:55'),(181,5,'93.114.133.234','active','fVdT7l','658af5e799c7d46da9e5d9a2','HA4JSGGPLSRV27FM',0,'1970-01-01 00:00:00','/var/www/dodavpn.com/storage/servers/vpnconfigs/93.114.133.234/658a77cd9118559fa8f6eb46/658af5e799c7d46da9e5d9a2/config.ovpn',0,'2023-12-26 14:52:39','2024-01-03 13:46:56'),(182,5,'93.114.133.234','active','hAOkEh','658af60499c7d46da9e5d9eb','VNJLORJ46OVFLGOF',0,'2024-01-03 13:31:21','/var/www/dodavpn.com/storage/servers/vpnconfigs/93.114.133.234/658a77cd9118559fa8f6eb46/658af60499c7d46da9e5d9eb/config.ovpn',0,'2023-12-26 14:52:39','2024-01-03 13:46:57'),(183,5,'93.114.133.234','active','i35DiJ','658af5f299c7d46da9e5d9c1','XZKV6BRVCF5LIOYP',0,'2024-01-03 13:31:25','/var/www/dodavpn.com/storage/servers/vpnconfigs/93.114.133.234/658a77cd9118559fa8f6eb46/658af5f299c7d46da9e5d9c1/config.ovpn',0,'2023-12-26 14:52:39','2024-01-03 13:46:57'),(184,5,'93.114.133.234','active','k5HQwT','658af60199c7d46da9e5d9e2','OXRQ656T7IANV7OZ',0,'1970-01-01 00:00:00','/var/www/dodavpn.com/storage/servers/vpnconfigs/93.114.133.234/658a77cd9118559fa8f6eb46/658af60199c7d46da9e5d9e2/config.ovpn',0,'2023-12-26 14:52:39','2024-01-03 13:46:57'),(185,5,'93.114.133.234','active','kYnSOY','658af5f499c7d46da9e5d9c5','RJ2DGXXCGCFZMWNZ',0,'2024-01-03 13:32:37','/var/www/dodavpn.com/storage/servers/vpnconfigs/93.114.133.234/658a77cd9118559fa8f6eb46/658af5f499c7d46da9e5d9c5/config.ovpn',0,'2023-12-26 14:52:39','2024-01-03 13:46:57'),(186,5,'93.114.133.234','active','rx0R2r','658af60f99c7d46da9e5da0d','743ULY2GKL7EPZSY',0,'1970-01-01 00:00:00','/var/www/dodavpn.com/storage/servers/vpnconfigs/93.114.133.234/658a77cd9118559fa8f6eb46/658af60f99c7d46da9e5da0d/config.ovpn',0,'2023-12-26 14:52:39','2024-01-03 13:46:58'),(187,5,'93.114.133.234','active','sRx8sd','658af61299c7d46da9e5da12','GWGL2R4VQDWTBKZZ',0,'1970-01-01 00:00:00','/var/www/dodavpn.com/storage/servers/vpnconfigs/93.114.133.234/658a77cd9118559fa8f6eb46/658af61299c7d46da9e5da12/config.ovpn',0,'2023-12-26 14:52:39','2024-01-03 13:46:59'),(188,5,'93.114.133.234','active','wrlQ8d','658af5e699c7d46da9e5d99e','4I5DKV727F6F5KUX',0,'1970-01-01 00:00:00','/var/www/dodavpn.com/storage/servers/vpnconfigs/93.114.133.234/658a77cd9118559fa8f6eb46/658af5e699c7d46da9e5d99e/config.ovpn',0,'2023-12-26 14:52:39','2024-01-03 13:47:00'),(189,1,'185.139.228.213','active','ViwbBr','6589e36187c2b97cc9fae8a4','VB7XDLMRFAJLSC6U',0,'1970-01-01 00:00:00','/var/www/dodavpn.com/storage/servers/vpnconfigs/185.139.228.213/65894f1c999b97bc970cc594/6589e36187c2b97cc9fae8a4/config.ovpn',0,'2023-12-29 16:16:27','2024-01-03 13:45:08'),(190,5,'93.114.133.234','active','GRCZ7M','658a77cf9118559fa8f6eb69','2SAHUBADXPZ3RLPU',0,'1970-01-01 00:00:00','/var/www/dodavpn.com/storage/servers/vpnconfigs/93.114.133.234/658a77cd9118559fa8f6eb46/658a77cf9118559fa8f6eb69/config.ovpn',0,'2023-12-29 16:16:52','2024-01-03 13:46:51'),(191,1,'185.139.228.213','active','0OG15d','6589e36187c2b97cc9fae8ac','SDGPHN6ZWNPT7RJK',0,'1970-01-01 00:00:00','/var/www/dodavpn.com/storage/servers/vpnconfigs/185.139.228.213/65894f1c999b97bc970cc594/6589e36187c2b97cc9fae8ac/config.ovpn',0,'2023-12-29 16:31:12','2024-01-03 13:45:03'),(192,5,'93.114.133.234','active','KbIGzW','6595716399c7d46da9ebe516','OEZ266MP54PNYPUI',0,'1970-01-01 00:00:00','/var/www/dodavpn.com/storage/servers/vpnconfigs/93.114.133.234/658a77cd9118559fa8f6eb46/6595716399c7d46da9ebe516/config.ovpn',0,'2024-01-03 13:38:34','2024-01-03 13:46:52'),(193,5,'93.114.133.234','active','ZlkQe3','6595716099c7d46da9ebe50e','H6CYBZ42AQGMF3RN',0,'1970-01-01 00:00:00','/var/www/dodavpn.com/storage/servers/vpnconfigs/93.114.133.234/658a77cd9118559fa8f6eb46/6595716099c7d46da9ebe50e/config.ovpn',0,'2024-01-03 13:38:35','2024-01-03 13:46:55'),(194,5,'93.114.133.234','active','bGg9do','6595716299c7d46da9ebe512','BHJ6OYW4BVESBFUW',0,'1970-01-01 00:00:00','/var/www/dodavpn.com/storage/servers/vpnconfigs/93.114.133.234/658a77cd9118559fa8f6eb46/6595716299c7d46da9ebe512/config.ovpn',0,'2024-01-03 13:38:35','2024-01-03 13:46:55'),(195,5,'93.114.133.234','active','bcapjH','6595716599c7d46da9ebe51f','XMGPXHTBSSCIBZ4A',0,'1970-01-01 00:00:00','/var/www/dodavpn.com/storage/servers/vpnconfigs/93.114.133.234/658a77cd9118559fa8f6eb46/6595716599c7d46da9ebe51f/config.ovpn',0,'2024-01-03 13:38:35','2024-01-03 13:46:56'),(196,5,'93.114.133.234','active','mlI65n','6595715c99c7d46da9ebe508','Z67AZKZGZKUMMS5J',0,'1970-01-01 00:00:00','/var/www/dodavpn.com/storage/servers/vpnconfigs/93.114.133.234/658a77cd9118559fa8f6eb46/6595715c99c7d46da9ebe508/config.ovpn',0,'2024-01-03 13:38:36','2024-01-03 13:46:57'),(197,5,'93.114.133.234','active','uRLlBx','6595716499c7d46da9ebe51b','25K7ZSHUZJRW3B5V',0,'1970-01-01 00:00:00','/var/www/dodavpn.com/storage/servers/vpnconfigs/93.114.133.234/658a77cd9118559fa8f6eb46/6595716499c7d46da9ebe51b/config.ovpn',0,'2024-01-03 13:38:36','2024-01-03 13:46:59'),(198,5,'93.114.133.234','active','vqywug','6595715999c7d46da9ebe501','PLMHJWDN5HQ7DFJR',0,'1970-01-01 00:00:00','/var/www/dodavpn.com/storage/servers/vpnconfigs/93.114.133.234/658a77cd9118559fa8f6eb46/6595715999c7d46da9ebe501/config.ovpn',0,'2024-01-03 13:38:37','2024-01-03 13:47:00'),(199,5,'93.114.133.234','active','3YlV8h','6595717e99c7d46da9ebe546','BTVII5ET6YLAVZTU',0,'1970-01-01 00:00:00','/var/www/dodavpn.com/storage/servers/vpnconfigs/93.114.133.234/658a77cd9118559fa8f6eb46/6595717e99c7d46da9ebe546/config.ovpn',0,'2024-01-03 13:39:03','2024-01-03 13:46:49'),(200,5,'93.114.133.234','active','56ojZI','6595716e99c7d46da9ebe52d','P732X5S2BHHQZN4L',0,'1970-01-01 00:00:00','/var/www/dodavpn.com/storage/servers/vpnconfigs/93.114.133.234/658a77cd9118559fa8f6eb46/6595716e99c7d46da9ebe52d/config.ovpn',0,'2024-01-03 13:39:03','2024-01-03 13:46:49'),(201,5,'93.114.133.234','active','G3Eqea','6595718399c7d46da9ebe550','TWOMR3IGQUIQKVK2',0,'1970-01-01 00:00:00','/var/www/dodavpn.com/storage/servers/vpnconfigs/93.114.133.234/658a77cd9118559fa8f6eb46/6595718399c7d46da9ebe550/config.ovpn',0,'2024-01-03 13:39:05','2024-01-03 13:46:51'),(202,5,'93.114.133.234','active','QGVNBD','6595717999c7d46da9ebe53f','7OYRX34RM357CSAS',0,'1970-01-01 00:00:00','/var/www/dodavpn.com/storage/servers/vpnconfigs/93.114.133.234/658a77cd9118559fa8f6eb46/6595717999c7d46da9ebe53f/config.ovpn',0,'2024-01-03 13:39:06','2024-01-03 13:46:53'),(203,5,'93.114.133.234','active','XZOF7a','6595717599c7d46da9ebe53a','MKBK26L3LHHNVWDM',0,'1970-01-01 00:00:00','/var/www/dodavpn.com/storage/servers/vpnconfigs/93.114.133.234/658a77cd9118559fa8f6eb46/6595717599c7d46da9ebe53a/config.ovpn',0,'2024-01-03 13:39:07','2024-01-03 13:46:55'),(204,5,'93.114.133.234','active','cK3kbc','6595718199c7d46da9ebe54c','2YMTYUTM24KLYYBK',0,'1970-01-01 00:00:00','/var/www/dodavpn.com/storage/servers/vpnconfigs/93.114.133.234/658a77cd9118559fa8f6eb46/6595718199c7d46da9ebe54c/config.ovpn',0,'2024-01-03 13:39:08','2024-01-03 13:46:56'),(205,5,'93.114.133.234','active','qFiPHm','6595716699c7d46da9ebe527','ZQIJBYIKLCNWVZI6',0,'1970-01-01 00:00:00','/var/www/dodavpn.com/storage/servers/vpnconfigs/93.114.133.234/658a77cd9118559fa8f6eb46/6595716699c7d46da9ebe527/config.ovpn',0,'2024-01-03 13:39:09','2024-01-03 13:46:58'),(206,5,'93.114.133.234','active','qvZXkj','6595718599c7d46da9ebe558','RICCASDDH56XXGXF',0,'1970-01-01 00:00:00','/var/www/dodavpn.com/storage/servers/vpnconfigs/93.114.133.234/658a77cd9118559fa8f6eb46/6595718599c7d46da9ebe558/config.ovpn',0,'2024-01-03 13:39:09','2024-01-03 13:46:58'),(207,5,'93.114.133.234','active','xgeG7t','6595717399c7d46da9ebe535','Q3VQOU2MCWCBTC2B',0,'1970-01-01 00:00:00','/var/www/dodavpn.com/storage/servers/vpnconfigs/93.114.133.234/658a77cd9118559fa8f6eb46/6595717399c7d46da9ebe535/config.ovpn',0,'2024-01-03 13:39:10','2024-01-03 13:47:00'),(208,5,'93.114.133.234','active','3i8pB1','6595718f99c7d46da9ebe571','EE6HRYEUVCIF5CWC',0,'1970-01-01 00:00:00','/var/www/dodavpn.com/storage/servers/vpnconfigs/93.114.133.234/658a77cd9118559fa8f6eb46/6595718f99c7d46da9ebe571/config.ovpn',0,'2024-01-03 13:39:17','2024-01-03 13:46:49'),(209,5,'93.114.133.234','active','5vD0c7','6595718999c7d46da9ebe561','ZLPRBDPH6DTGXEV4',0,'1970-01-01 00:00:00','/var/www/dodavpn.com/storage/servers/vpnconfigs/93.114.133.234/658a77cd9118559fa8f6eb46/6595718999c7d46da9ebe561/config.ovpn',0,'2024-01-03 13:39:17','2024-01-03 13:46:50'),(210,5,'93.114.133.234','active','JpALUi','6595718e99c7d46da9ebe56d','BQK2VDI4R2PNC3L3',0,'1970-01-01 00:00:00','/var/www/dodavpn.com/storage/servers/vpnconfigs/93.114.133.234/658a77cd9118559fa8f6eb46/6595718e99c7d46da9ebe56d/config.ovpn',0,'2024-01-03 13:39:19','2024-01-03 13:46:52'),(211,5,'93.114.133.234','active','U45ITj','6595718c99c7d46da9ebe566','NNSNE3J6S7LOLW4F',0,'1970-01-01 00:00:00','/var/www/dodavpn.com/storage/servers/vpnconfigs/93.114.133.234/658a77cd9118559fa8f6eb46/6595718c99c7d46da9ebe566/config.ovpn',0,'2024-01-03 13:39:20','2024-01-03 13:46:54'),(212,5,'93.114.133.234','active','vBKZ3u','6595718799c7d46da9ebe55c','WZCMYOIHKHKQA445',0,'1970-01-01 00:00:00','/var/www/dodavpn.com/storage/servers/vpnconfigs/93.114.133.234/658a77cd9118559fa8f6eb46/6595718799c7d46da9ebe55c/config.ovpn',0,'2024-01-03 13:39:24','2024-01-03 13:46:59'),(213,5,'93.114.133.234','active','yPfbqM','6595719199c7d46da9ebe576','U2K46OXEYZK2FI2N',0,'1970-01-01 00:00:00','/var/www/dodavpn.com/storage/servers/vpnconfigs/93.114.133.234/658a77cd9118559fa8f6eb46/6595719199c7d46da9ebe576/config.ovpn',0,'2024-01-03 13:39:24','2024-01-03 13:47:00'),(214,5,'93.114.133.234','active','1066Gi','659571a399c7d46da9ebe599','2TSTIZFRXWGN5ZWE',0,'1970-01-01 00:00:00','/var/www/dodavpn.com/storage/servers/vpnconfigs/93.114.133.234/658a77cd9118559fa8f6eb46/659571a399c7d46da9ebe599/config.ovpn',0,'2024-01-03 13:40:45','2024-01-03 13:46:48'),(215,5,'93.114.133.234','active','2mUdAa','6595719299c7d46da9ebe57a','GRQZPLTNMVZXCT5V',0,'1970-01-01 00:00:00','/var/www/dodavpn.com/storage/servers/vpnconfigs/93.114.133.234/658a77cd9118559fa8f6eb46/6595719299c7d46da9ebe57a/config.ovpn',0,'2024-01-03 13:40:45','2024-01-03 13:46:49'),(216,5,'93.114.133.234','active','3AgSyM','6595719d99c7d46da9ebe588','JDBT7S2YIODF6VDM',0,'1970-01-01 00:00:00','/var/www/dodavpn.com/storage/servers/vpnconfigs/93.114.133.234/658a77cd9118559fa8f6eb46/6595719d99c7d46da9ebe588/config.ovpn',0,'2024-01-03 13:40:45','2024-01-03 13:46:49'),(217,5,'93.114.133.234','active','O03cOa','6595719899c7d46da9ebe580','3ZW7PBNYRMF2TYDQ',0,'1970-01-01 00:00:00','/var/www/dodavpn.com/storage/servers/vpnconfigs/93.114.133.234/658a77cd9118559fa8f6eb46/6595719899c7d46da9ebe580/config.ovpn',0,'2024-01-03 13:40:48','2024-01-03 13:46:53'),(218,5,'93.114.133.234','active','dg7a87','6595719f99c7d46da9ebe58c','WZM5B7CF2H6DD6IB',0,'1970-01-01 00:00:00','/var/www/dodavpn.com/storage/servers/vpnconfigs/93.114.133.234/658a77cd9118559fa8f6eb46/6595719f99c7d46da9ebe58c/config.ovpn',0,'2024-01-03 13:40:50','2024-01-03 13:46:56'),(219,5,'93.114.133.234','active','kqxu0R','659571a099c7d46da9ebe591','SOUF7ARDY27T6GMJ',0,'1970-01-01 00:00:00','/var/www/dodavpn.com/storage/servers/vpnconfigs/93.114.133.234/658a77cd9118559fa8f6eb46/659571a099c7d46da9ebe591/config.ovpn',0,'2024-01-03 13:40:50','2024-01-03 13:46:57'),(220,5,'93.114.133.234','active','tB0Uuo','659571a599c7d46da9ebe59f','ZD5MJS2BW6K4P2DH',0,'1970-01-01 00:00:00','/var/www/dodavpn.com/storage/servers/vpnconfigs/93.114.133.234/658a77cd9118559fa8f6eb46/659571a599c7d46da9ebe59f/config.ovpn',0,'2024-01-03 13:40:51','2024-01-03 13:46:59'),(221,1,'185.139.228.213','active','84F2BE','6595720a87c2b97cc90193ee','ERAUXOZADZM4IGHK',0,'1970-01-01 00:00:00','/var/www/dodavpn.com/storage/servers/vpnconfigs/185.139.228.213/65894f1c999b97bc970cc594/6595720a87c2b97cc90193ee/config.ovpn',0,'2024-01-03 13:41:17','2024-01-03 13:45:04'),(222,1,'185.139.228.213','active','PiCOHP','6595720487c2b97cc90193e2','BG7SXJNO4IBBXVCE',0,'1970-01-01 00:00:00','/var/www/dodavpn.com/storage/servers/vpnconfigs/185.139.228.213/65894f1c999b97bc970cc594/6595720487c2b97cc90193e2/config.ovpn',0,'2024-01-03 13:41:18','2024-01-03 13:45:06'),(223,1,'185.139.228.213','active','XPZ3hJ','6595720787c2b97cc90193e9','Z7VXCBSYCZHS4PLX',0,'1970-01-01 00:00:00','/var/www/dodavpn.com/storage/servers/vpnconfigs/185.139.228.213/65894f1c999b97bc970cc594/6595720787c2b97cc90193e9/config.ovpn',0,'2024-01-03 13:41:19','2024-01-03 13:45:09'),(224,1,'185.139.228.213','active','qafuyt','659571ff87c2b97cc90193dc','VAYDRKPJORHPFKLG',0,'1970-01-01 00:00:00','/var/www/dodavpn.com/storage/servers/vpnconfigs/185.139.228.213/65894f1c999b97bc970cc594/659571ff87c2b97cc90193dc/config.ovpn',0,'2024-01-03 13:41:21','2024-01-03 13:45:13'),(225,5,'93.114.133.234','active','199Wky','6595723399c7d46da9ebe615','TVY34MQ2AJHEJZY2',0,'1970-01-01 00:00:00','/var/www/dodavpn.com/storage/servers/vpnconfigs/93.114.133.234/658a77cd9118559fa8f6eb46/6595723399c7d46da9ebe615/config.ovpn',0,'2024-01-03 13:42:20','2024-01-03 13:46:48'),(226,5,'93.114.133.234','active','1n196u','6595722f99c7d46da9ebe610','CF4YX7KCY6EC33KB',0,'1970-01-01 00:00:00','/var/www/dodavpn.com/storage/servers/vpnconfigs/93.114.133.234/658a77cd9118559fa8f6eb46/6595722f99c7d46da9ebe610/config.ovpn',0,'2024-01-03 13:42:20','2024-01-03 13:46:49'),(227,5,'93.114.133.234','active','7aFg4s','6595722299c7d46da9ebe5f3','RFOZLYLYXIRZFECT',0,'1970-01-01 00:00:00','/var/www/dodavpn.com/storage/servers/vpnconfigs/93.114.133.234/658a77cd9118559fa8f6eb46/6595722299c7d46da9ebe5f3/config.ovpn',0,'2024-01-03 13:42:22','2024-01-03 13:46:50'),(228,5,'93.114.133.234','active','C2mXuw','6595721e99c7d46da9ebe5ea','74MRXSX5VOBYZWCT',0,'1970-01-01 00:00:00','/var/www/dodavpn.com/storage/servers/vpnconfigs/93.114.133.234/658a77cd9118559fa8f6eb46/6595721e99c7d46da9ebe5ea/config.ovpn',0,'2024-01-03 13:42:22','2024-01-03 13:46:51'),(229,5,'93.114.133.234','active','HgmDpB','6595723499c7d46da9ebe619','6WBV4R2JKSV4HIMU',0,'1970-01-01 00:00:00','/var/www/dodavpn.com/storage/servers/vpnconfigs/93.114.133.234/658a77cd9118559fa8f6eb46/6595723499c7d46da9ebe619/config.ovpn',0,'2024-01-03 13:42:23','2024-01-03 13:46:52'),(230,5,'93.114.133.234','active','J6pq4c','6595723c99c7d46da9ebe633','45KWSRX63YTV7NUB',0,'1970-01-01 00:00:00','/var/www/dodavpn.com/storage/servers/vpnconfigs/93.114.133.234/658a77cd9118559fa8f6eb46/6595723c99c7d46da9ebe633/config.ovpn',0,'2024-01-03 13:42:24','2024-01-03 13:46:52'),(231,5,'93.114.133.234','active','LPiHLG','6595723699c7d46da9ebe61e','XKPDHKMESH26TU5G',0,'1970-01-01 00:00:00','/var/www/dodavpn.com/storage/servers/vpnconfigs/93.114.133.234/658a77cd9118559fa8f6eb46/6595723699c7d46da9ebe61e/config.ovpn',0,'2024-01-03 13:42:24','2024-01-03 13:46:53'),(232,5,'93.114.133.234','active','LyACo7','6595723e99c7d46da9ebe637','KIR3NUMV6WHO7TXP',0,'1970-01-01 00:00:00','/var/www/dodavpn.com/storage/servers/vpnconfigs/93.114.133.234/658a77cd9118559fa8f6eb46/6595723e99c7d46da9ebe637/config.ovpn',0,'2024-01-03 13:42:24','2024-01-03 13:46:53'),(233,5,'93.114.133.234','active','U2wgBQ','6595724499c7d46da9ebe644','ZI7DKFVE4WDQ5TUE',0,'1970-01-01 00:00:00','/var/www/dodavpn.com/storage/servers/vpnconfigs/93.114.133.234/658a77cd9118559fa8f6eb46/6595724499c7d46da9ebe644/config.ovpn',0,'2024-01-03 13:42:25','2024-01-03 13:46:54'),(234,5,'93.114.133.234','active','VHmmt1','6595722599c7d46da9ebe5fa','DBQVE2UUAENIGLSL',0,'1970-01-01 00:00:00','/var/www/dodavpn.com/storage/servers/vpnconfigs/93.114.133.234/658a77cd9118559fa8f6eb46/6595722599c7d46da9ebe5fa/config.ovpn',0,'2024-01-03 13:42:25','2024-01-03 13:46:54'),(235,5,'93.114.133.234','active','ZuePEh','6595723999c7d46da9ebe626','T5DRXJDI6MSAGDP2',0,'1970-01-01 00:00:00','/var/www/dodavpn.com/storage/servers/vpnconfigs/93.114.133.234/658a77cd9118559fa8f6eb46/6595723999c7d46da9ebe626/config.ovpn',0,'2024-01-03 13:42:27','2024-01-03 13:46:55'),(236,5,'93.114.133.234','active','aaYgl2','6595722099c7d46da9ebe5ef','A5KD2Y6IGORNG4X7',0,'1970-01-01 00:00:00','/var/www/dodavpn.com/storage/servers/vpnconfigs/93.114.133.234/658a77cd9118559fa8f6eb46/6595722099c7d46da9ebe5ef/config.ovpn',0,'2024-01-03 13:42:27','2024-01-03 13:46:55'),(237,5,'93.114.133.234','active','c9jZCx','6595722999c7d46da9ebe5ff','52K7QC5G65NHULYV',0,'1970-01-01 00:00:00','/var/www/dodavpn.com/storage/servers/vpnconfigs/93.114.133.234/658a77cd9118559fa8f6eb46/6595722999c7d46da9ebe5ff/config.ovpn',0,'2024-01-03 13:42:27','2024-01-03 13:46:56'),(238,5,'93.114.133.234','active','el19qT','6595722e99c7d46da9ebe60b','FWXHARO75SPWPGHI',0,'1970-01-01 00:00:00','/var/www/dodavpn.com/storage/servers/vpnconfigs/93.114.133.234/658a77cd9118559fa8f6eb46/6595722e99c7d46da9ebe60b/config.ovpn',0,'2024-01-03 13:42:28','2024-01-03 13:46:56'),(239,5,'93.114.133.234','active','p6PaIu','6595723b99c7d46da9ebe62e','JUYHYKSQVMWZ6D3U',0,'1970-01-01 00:00:00','/var/www/dodavpn.com/storage/servers/vpnconfigs/93.114.133.234/658a77cd9118559fa8f6eb46/6595723b99c7d46da9ebe62e/config.ovpn',0,'2024-01-03 13:42:29','2024-01-03 13:46:58'),(240,5,'93.114.133.234','active','qJ1AFo','6595724299c7d46da9ebe63f','ZDZXCBTC5EXOBFXK',0,'1970-01-01 00:00:00','/var/www/dodavpn.com/storage/servers/vpnconfigs/93.114.133.234/658a77cd9118559fa8f6eb46/6595724299c7d46da9ebe63f/config.ovpn',0,'2024-01-03 13:42:29','2024-01-03 13:46:58'),(241,5,'93.114.133.234','active','rSVSaV','6595723a99c7d46da9ebe62a','ENM5QUKY7CTW3VSH',0,'1970-01-01 00:00:00','/var/www/dodavpn.com/storage/servers/vpnconfigs/93.114.133.234/658a77cd9118559fa8f6eb46/6595723a99c7d46da9ebe62a/config.ovpn',0,'2024-01-03 13:42:29','2024-01-03 13:46:58'),(242,5,'93.114.133.234','active','tGYuj6','6595722a99c7d46da9ebe604','C4YS6BCYMFJRWHI6',0,'1970-01-01 00:00:00','/var/www/dodavpn.com/storage/servers/vpnconfigs/93.114.133.234/658a77cd9118559fa8f6eb46/6595722a99c7d46da9ebe604/config.ovpn',0,'2024-01-03 13:42:30','2024-01-03 13:46:59'),(243,5,'93.114.133.234','active','viOCr7','6595724699c7d46da9ebe648','TTQU2IKDB2EC7NXS',0,'1970-01-01 00:00:00','/var/www/dodavpn.com/storage/servers/vpnconfigs/93.114.133.234/658a77cd9118559fa8f6eb46/6595724699c7d46da9ebe648/config.ovpn',0,'2024-01-03 13:42:30','2024-01-03 13:46:59'),(244,1,'185.139.228.213','active','6lew0u','6595721987c2b97cc9019411','2NCHQ4RNMC3LGWKR',0,'1970-01-01 00:00:00','/var/www/dodavpn.com/storage/servers/vpnconfigs/185.139.228.213/65894f1c999b97bc970cc594/6595721987c2b97cc9019411/config.ovpn',0,'2024-01-03 13:42:42','2024-01-03 13:45:04'),(245,1,'185.139.228.213','active','7qlpMJ','6595720d87c2b97cc90193f7','R67NEJOEY4AOZUSI',0,'1970-01-01 00:00:00','/var/www/dodavpn.com/storage/servers/vpnconfigs/185.139.228.213/65894f1c999b97bc970cc594/6595720d87c2b97cc90193f7/config.ovpn',0,'2024-01-03 13:42:42','2024-01-03 13:45:04'),(246,1,'185.139.228.213','active','8OlaRt','6595721b87c2b97cc901941d','7ID6JT27CTDGJUPS',0,'1970-01-01 00:00:00','/var/www/dodavpn.com/storage/servers/vpnconfigs/185.139.228.213/65894f1c999b97bc970cc594/6595721b87c2b97cc901941d/config.ovpn',0,'2024-01-03 13:42:42','2024-01-03 13:45:04'),(247,1,'185.139.228.213','active','EP3tDR','6595721487c2b97cc9019403','JV7UP34O6XB6RTCI',0,'1970-01-01 00:00:00','/var/www/dodavpn.com/storage/servers/vpnconfigs/185.139.228.213/65894f1c999b97bc970cc594/6595721487c2b97cc9019403/config.ovpn',0,'2024-01-03 13:42:43','2024-01-03 13:45:05'),(248,1,'185.139.228.213','active','Gn9VrR','6595723387c2b97cc9019466','DJ25EYZUNAJHNH6Z',0,'1970-01-01 00:00:00','/var/www/dodavpn.com/storage/servers/vpnconfigs/185.139.228.213/65894f1c999b97bc970cc594/6595723387c2b97cc9019466/config.ovpn',0,'2024-01-03 13:42:43','2024-01-03 13:45:06'),(249,1,'185.139.228.213','active','SeGpFU','6595721e87c2b97cc9019426','437YNLBVCYDG6S7A',0,'1970-01-01 00:00:00','/var/www/dodavpn.com/storage/servers/vpnconfigs/185.139.228.213/65894f1c999b97bc970cc594/6595721e87c2b97cc9019426/config.ovpn',0,'2024-01-03 13:42:44','2024-01-03 13:45:07'),(250,1,'185.139.228.213','active','TGU87S','6595722287c2b97cc901942f','USUHUOWNEFYAPZP2',0,'1970-01-01 00:00:00','/var/www/dodavpn.com/storage/servers/vpnconfigs/185.139.228.213/65894f1c999b97bc970cc594/6595722287c2b97cc901942f/config.ovpn',0,'2024-01-03 13:42:44','2024-01-03 13:45:07'),(251,1,'185.139.228.213','active','UPR030','6595721f87c2b97cc901942a','OUCQ45577MRHUVPV',0,'1970-01-01 00:00:00','/var/www/dodavpn.com/storage/servers/vpnconfigs/185.139.228.213/65894f1c999b97bc970cc594/6595721f87c2b97cc901942a/config.ovpn',0,'2024-01-03 13:42:44','2024-01-03 13:45:08'),(252,1,'185.139.228.213','active','WQoLRh','6595722687c2b97cc901943b','G4PDPP33NOSMXOER',0,'1970-01-01 00:00:00','/var/www/dodavpn.com/storage/servers/vpnconfigs/185.139.228.213/65894f1c999b97bc970cc594/6595722687c2b97cc901943b/config.ovpn',0,'2024-01-03 13:42:45','2024-01-03 13:45:08'),(253,1,'185.139.228.213','active','WaZfUf','6595723187c2b97cc901945c','HFKPKQUFMULY77EP',0,'1970-01-01 00:00:00','/var/www/dodavpn.com/storage/servers/vpnconfigs/185.139.228.213/65894f1c999b97bc970cc594/6595723187c2b97cc901945c/config.ovpn',0,'2024-01-03 13:42:45','2024-01-03 13:45:09'),(254,1,'185.139.228.213','active','fc9sXO','6595722c87c2b97cc901944d','ZIXRGG7DIO4DF3ND',0,'1970-01-01 00:00:00','/var/www/dodavpn.com/storage/servers/vpnconfigs/185.139.228.213/65894f1c999b97bc970cc594/6595722c87c2b97cc901944d/config.ovpn',0,'2024-01-03 13:42:46','2024-01-03 13:45:11'),(255,1,'185.139.228.213','active','hHtSth','6595722b87c2b97cc9019448','DZSPK2634MMN4WLL',0,'1970-01-01 00:00:00','/var/www/dodavpn.com/storage/servers/vpnconfigs/185.139.228.213/65894f1c999b97bc970cc594/6595722b87c2b97cc9019448/config.ovpn',0,'2024-01-03 13:42:46','2024-01-03 13:45:11'),(256,1,'185.139.228.213','active','mXVS1q','6595722787c2b97cc901943f','TOPWERUWWYE6B5I3',0,'1970-01-01 00:00:00','/var/www/dodavpn.com/storage/servers/vpnconfigs/185.139.228.213/65894f1c999b97bc970cc594/6595722787c2b97cc901943f/config.ovpn',0,'2024-01-03 13:42:47','2024-01-03 13:45:12'),(257,1,'185.139.228.213','active','nqj1dD','6595723287c2b97cc9019461','RQYE6HAOBKHQCXWM',0,'1970-01-01 00:00:00','/var/www/dodavpn.com/storage/servers/vpnconfigs/185.139.228.213/65894f1c999b97bc970cc594/6595723287c2b97cc9019461/config.ovpn',0,'2024-01-03 13:42:47','2024-01-03 13:45:12'),(258,1,'185.139.228.213','active','pROrV2','6595720b87c2b97cc90193f3','RAUMZ4GAFFYR3VV4',0,'1970-01-01 00:00:00','/var/www/dodavpn.com/storage/servers/vpnconfigs/185.139.228.213/65894f1c999b97bc970cc594/6595720b87c2b97cc90193f3/config.ovpn',0,'2024-01-03 13:42:47','2024-01-03 13:45:13'),(259,1,'185.139.228.213','active','ptXCzg','6595721d87c2b97cc9019422','6FUECF4CTXXYEWAW',0,'1970-01-01 00:00:00','/var/www/dodavpn.com/storage/servers/vpnconfigs/185.139.228.213/65894f1c999b97bc970cc594/6595721d87c2b97cc9019422/config.ovpn',0,'2024-01-03 13:42:47','2024-01-03 13:45:13'),(260,1,'185.139.228.213','active','saU2tq','6595722987c2b97cc9019444','CLBIL767J4EZNRA5',0,'1970-01-01 00:00:00','/var/www/dodavpn.com/storage/servers/vpnconfigs/185.139.228.213/65894f1c999b97bc970cc594/6595722987c2b97cc9019444/config.ovpn',0,'2024-01-03 13:42:48','2024-01-03 13:45:14'),(261,1,'185.139.228.213','active','tnc9G3','6595721187c2b97cc90193ff','L4F52F6FIBNMLGBC',0,'1970-01-01 00:00:00','/var/www/dodavpn.com/storage/servers/vpnconfigs/185.139.228.213/65894f1c999b97bc970cc594/6595721187c2b97cc90193ff/config.ovpn',0,'2024-01-03 13:42:48','2024-01-03 13:45:15'),(262,1,'185.139.228.213','active','uS6bpc','6595721787c2b97cc9019408','465WWB3QMMQ3GCGF',0,'1970-01-01 00:00:00','/var/www/dodavpn.com/storage/servers/vpnconfigs/185.139.228.213/65894f1c999b97bc970cc594/6595721787c2b97cc9019408/config.ovpn',0,'2024-01-03 13:42:49','2024-01-03 13:45:15'),(263,1,'185.139.228.213','active','urhxEC','6595721a87c2b97cc9019419','HFHKGLGZQIZKZ3LG',0,'1970-01-01 00:00:00','/var/www/dodavpn.com/storage/servers/vpnconfigs/185.139.228.213/65894f1c999b97bc970cc594/6595721a87c2b97cc9019419/config.ovpn',0,'2024-01-03 13:42:49','2024-01-03 13:45:15'),(264,1,'185.139.228.213','active','v3hkLW','6595722587c2b97cc9019436','7E2U2WJOVRNO44Z7',0,'1970-01-01 00:00:00','/var/www/dodavpn.com/storage/servers/vpnconfigs/185.139.228.213/65894f1c999b97bc970cc594/6595722587c2b97cc9019436/config.ovpn',0,'2024-01-03 13:42:49','2024-01-03 13:45:15'),(265,1,'185.139.228.213','active','vo0NXI','6595721887c2b97cc901940d','4UA4YEBQZNJHZHHC',0,'1970-01-01 00:00:00','/var/www/dodavpn.com/storage/servers/vpnconfigs/185.139.228.213/65894f1c999b97bc970cc594/6595721887c2b97cc901940d/config.ovpn',0,'2024-01-03 13:42:49','2024-01-03 13:45:15'),(266,1,'185.139.228.213','active','wX4bfG','6595722f87c2b97cc9019458','Z3HOL5UX2NUEYK7N',0,'1970-01-01 00:00:00','/var/www/dodavpn.com/storage/servers/vpnconfigs/185.139.228.213/65894f1c999b97bc970cc594/6595722f87c2b97cc9019458/config.ovpn',0,'2024-01-03 13:42:49','2024-01-03 13:45:16'),(267,1,'185.139.228.213','active','zYNW9f','6595722e87c2b97cc9019451','CK6YG37VZJPIT6LT',0,'1970-01-01 00:00:00','/var/www/dodavpn.com/storage/servers/vpnconfigs/185.139.228.213/65894f1c999b97bc970cc594/6595722e87c2b97cc9019451/config.ovpn',0,'2024-01-03 13:42:50','2024-01-03 13:45:16'),(268,1,'185.139.228.213','active','0onHYb','6595728c87c2b97cc90194d1','KTZFLRSKASJWYFYV',0,'1970-01-01 00:00:00','/var/www/dodavpn.com/storage/servers/vpnconfigs/185.139.228.213/65894f1c999b97bc970cc594/6595728c87c2b97cc90194d1/config.ovpn',0,'2024-01-03 13:43:53','2024-01-03 13:45:03'),(269,1,'185.139.228.213','active','2lctQZ','6595728887c2b97cc90194cb','2KMEM6NOWDC5XABK',0,'1970-01-01 00:00:00','/var/www/dodavpn.com/storage/servers/vpnconfigs/185.139.228.213/65894f1c999b97bc970cc594/6595728887c2b97cc90194cb/config.ovpn',0,'2024-01-03 13:43:53','2024-01-03 13:45:03'),(270,1,'185.139.228.213','active','4XwHbU','659572a887c2b97cc9019521','OHAU33DUCOIMEJFI',0,'1970-01-01 00:00:00','/var/www/dodavpn.com/storage/servers/vpnconfigs/185.139.228.213/65894f1c999b97bc970cc594/659572a887c2b97cc9019521/config.ovpn',0,'2024-01-03 13:43:53','2024-01-03 13:45:04'),(271,1,'185.139.228.213','active','78I41n','6595728587c2b97cc90194bc','EE77UIOY4B3DEFDR',0,'1970-01-01 00:00:00','/var/www/dodavpn.com/storage/servers/vpnconfigs/185.139.228.213/65894f1c999b97bc970cc594/6595728587c2b97cc90194bc/config.ovpn',0,'2024-01-03 13:43:54','2024-01-03 13:45:04'),(272,1,'185.139.228.213','active','CeUwNE','6595728f87c2b97cc90194da','NLX46J4SWE4KLB4T',0,'1970-01-01 00:00:00','/var/www/dodavpn.com/storage/servers/vpnconfigs/185.139.228.213/65894f1c999b97bc970cc594/6595728f87c2b97cc90194da/config.ovpn',0,'2024-01-03 13:43:55','2024-01-03 13:45:05'),(273,1,'185.139.228.213','active','CsSzt0','6595729f87c2b97cc9019508','WQAMATUDOH3DZZDP',0,'1970-01-01 00:00:00','/var/www/dodavpn.com/storage/servers/vpnconfigs/185.139.228.213/65894f1c999b97bc970cc594/6595729f87c2b97cc9019508/config.ovpn',0,'2024-01-03 13:43:55','2024-01-03 13:45:05'),(274,1,'185.139.228.213','active','Faxf9O','6595729787c2b97cc90194ef','6GMSASD7F6B5WP6J',0,'1970-01-01 00:00:00','/var/www/dodavpn.com/storage/servers/vpnconfigs/185.139.228.213/65894f1c999b97bc970cc594/6595729787c2b97cc90194ef/config.ovpn',0,'2024-01-03 13:43:55','2024-01-03 13:45:05'),(275,1,'185.139.228.213','active','MJi9Cg','6595727987c2b97cc901949e','F4LWTOGNZDIGUJU5',0,'1970-01-01 00:00:00','/var/www/dodavpn.com/storage/servers/vpnconfigs/185.139.228.213/65894f1c999b97bc970cc594/6595727987c2b97cc901949e/config.ovpn',0,'2024-01-03 13:43:56','2024-01-03 13:45:06'),(276,1,'185.139.228.213','active','OjLHj3','6595728487c2b97cc90194b8','OGKNY42LTAGDZ5DE',0,'1970-01-01 00:00:00','/var/www/dodavpn.com/storage/servers/vpnconfigs/185.139.228.213/65894f1c999b97bc970cc594/6595728487c2b97cc90194b8/config.ovpn',0,'2024-01-03 13:43:56','2024-01-03 13:45:06'),(277,1,'185.139.228.213','active','OkUqM7','6595729c87c2b97cc90194ff','JBS36MPAGWS473GE',0,'1970-01-01 00:00:00','/var/www/dodavpn.com/storage/servers/vpnconfigs/185.139.228.213/65894f1c999b97bc970cc594/6595729c87c2b97cc90194ff/config.ovpn',0,'2024-01-03 13:43:56','2024-01-03 13:45:06'),(278,1,'185.139.228.213','active','QSK9EG','6595728787c2b97cc90194c5','6KVU65AX72OYOYIL',0,'1970-01-01 00:00:00','/var/www/dodavpn.com/storage/servers/vpnconfigs/185.139.228.213/65894f1c999b97bc970cc594/6595728787c2b97cc90194c5/config.ovpn',0,'2024-01-03 13:43:57','2024-01-03 13:45:07'),(279,1,'185.139.228.213','active','Qr63n9','6595729687c2b97cc90194eb','2UVGKFAIQZAR7JA4',0,'1970-01-01 00:00:00','/var/www/dodavpn.com/storage/servers/vpnconfigs/185.139.228.213/65894f1c999b97bc970cc594/6595729687c2b97cc90194eb/config.ovpn',0,'2024-01-03 13:43:57','2024-01-03 13:45:07'),(280,1,'185.139.228.213','active','T3lEgX','659572a487c2b97cc9019516','DT5NXRM4LJ43CH2O',0,'1970-01-01 00:00:00','/var/www/dodavpn.com/storage/servers/vpnconfigs/185.139.228.213/65894f1c999b97bc970cc594/659572a487c2b97cc9019516/config.ovpn',0,'2024-01-03 13:43:57','2024-01-03 13:45:07'),(281,1,'185.139.228.213','active','U09Ho0','6595727587c2b97cc9019495','NLGNINY72PW73T44',0,'1970-01-01 00:00:00','/var/www/dodavpn.com/storage/servers/vpnconfigs/185.139.228.213/65894f1c999b97bc970cc594/6595727587c2b97cc9019495/config.ovpn',0,'2024-01-03 13:43:58','2024-01-03 13:45:08'),(282,1,'185.139.228.213','active','VYp32N','6595729d87c2b97cc9019503','Q72SIESNBXORHRU7',0,'1970-01-01 00:00:00','/var/www/dodavpn.com/storage/servers/vpnconfigs/185.139.228.213/65894f1c999b97bc970cc594/6595729d87c2b97cc9019503/config.ovpn',0,'2024-01-03 13:43:58','2024-01-03 13:45:08'),(283,1,'185.139.228.213','active','W758Qv','6595729387c2b97cc90194e6','6X74WQXPXUPBF7LT',0,'1970-01-01 00:00:00','/var/www/dodavpn.com/storage/servers/vpnconfigs/185.139.228.213/65894f1c999b97bc970cc594/6595729387c2b97cc90194e6/config.ovpn',0,'2024-01-03 13:43:58','2024-01-03 13:45:08'),(284,1,'185.139.228.213','active','Wg9lkD','6595729987c2b97cc90194f4','XEUFW6WTF4BN6GIF',0,'1970-01-01 00:00:00','/var/www/dodavpn.com/storage/servers/vpnconfigs/185.139.228.213/65894f1c999b97bc970cc594/6595729987c2b97cc90194f4/config.ovpn',0,'2024-01-03 13:43:59','2024-01-03 13:45:09'),(285,1,'185.139.228.213','active','YjAcO0','6595727e87c2b97cc90194a5','FBGTWE5U3IWNTUWH',0,'1970-01-01 00:00:00','/var/www/dodavpn.com/storage/servers/vpnconfigs/185.139.228.213/65894f1c999b97bc970cc594/6595727e87c2b97cc90194a5/config.ovpn',0,'2024-01-03 13:43:59','2024-01-03 13:45:09'),(286,1,'185.139.228.213','active','ZXUJow','6595728487c2b97cc90194b4','IOOFHYFB7OPT6M4V',0,'1970-01-01 00:00:00','/var/www/dodavpn.com/storage/servers/vpnconfigs/185.139.228.213/65894f1c999b97bc970cc594/6595728487c2b97cc90194b4/config.ovpn',0,'2024-01-03 13:43:59','2024-01-03 13:45:09'),(287,1,'185.139.228.213','active','b31trV','659572a087c2b97cc901950c','WK35VQ4HXV7TOPXP',0,'1970-01-01 00:00:00','/var/www/dodavpn.com/storage/servers/vpnconfigs/185.139.228.213/65894f1c999b97bc970cc594/659572a087c2b97cc901950c/config.ovpn',0,'2024-01-03 13:44:00','2024-01-03 13:45:10'),(288,1,'185.139.228.213','active','dhHYYw','659572a387c2b97cc9019511','R2ZVGCUP64S7HPRK',0,'1970-01-01 00:00:00','/var/www/dodavpn.com/storage/servers/vpnconfigs/185.139.228.213/65894f1c999b97bc970cc594/659572a387c2b97cc9019511/config.ovpn',0,'2024-01-03 13:44:00','2024-01-03 13:45:10'),(289,1,'185.139.228.213','active','dhnDih','659572a687c2b97cc901951c','GV5IS3DP332VJ42F',0,'1970-01-01 00:00:00','/var/www/dodavpn.com/storage/servers/vpnconfigs/185.139.228.213/65894f1c999b97bc970cc594/659572a687c2b97cc901951c/config.ovpn',0,'2024-01-03 13:44:00','2024-01-03 13:45:10'),(290,1,'185.139.228.213','active','djOaX3','6595727f87c2b97cc90194aa','N7W5AKZXIDGZ6CUI',0,'1970-01-01 00:00:00','/var/www/dodavpn.com/storage/servers/vpnconfigs/185.139.228.213/65894f1c999b97bc970cc594/6595727f87c2b97cc90194aa/config.ovpn',0,'2024-01-03 13:44:00','2024-01-03 13:45:10'),(291,1,'185.139.228.213','active','e0ITvu','6595729a87c2b97cc90194f8','ZWV6P2GU3LBLKPUO',0,'1970-01-01 00:00:00','/var/www/dodavpn.com/storage/servers/vpnconfigs/185.139.228.213/65894f1c999b97bc970cc594/6595729a87c2b97cc90194f8/config.ovpn',0,'2024-01-03 13:44:01','2024-01-03 13:45:11'),(292,1,'185.139.228.213','active','fIQkMY','6595728687c2b97cc90194c1','2NOZY2H4HISVFHT6',0,'1970-01-01 00:00:00','/var/www/dodavpn.com/storage/servers/vpnconfigs/185.139.228.213/65894f1c999b97bc970cc594/6595728687c2b97cc90194c1/config.ovpn',0,'2024-01-03 13:44:01','2024-01-03 13:45:11'),(293,1,'185.139.228.213','active','hmoik4','6595728387c2b97cc90194af','E2NAYDZ4SNQOISRL',0,'1970-01-01 00:00:00','/var/www/dodavpn.com/storage/servers/vpnconfigs/185.139.228.213/65894f1c999b97bc970cc594/6595728387c2b97cc90194af/config.ovpn',0,'2024-01-03 13:44:01','2024-01-03 13:45:11'),(294,1,'185.139.228.213','active','lH5Ziw','6595729387c2b97cc90194e2','DZEOOYZB64FV46LF',0,'1970-01-01 00:00:00','/var/www/dodavpn.com/storage/servers/vpnconfigs/185.139.228.213/65894f1c999b97bc970cc594/6595729387c2b97cc90194e2/config.ovpn',0,'2024-01-03 13:44:02','2024-01-03 13:45:12'),(295,1,'185.139.228.213','active','qy2xl2','6595727687c2b97cc9019499','VYLXPLGGRXRD5KAH',0,'1970-01-01 00:00:00','/var/www/dodavpn.com/storage/servers/vpnconfigs/185.139.228.213/65894f1c999b97bc970cc594/6595727687c2b97cc9019499/config.ovpn',0,'2024-01-03 13:44:04','2024-01-03 13:45:14'),(296,1,'185.139.228.213','active','rpstI4','6595728d87c2b97cc90194d5','5CFBNOQW2A2AY4EP',0,'1970-01-01 00:00:00','/var/www/dodavpn.com/storage/servers/vpnconfigs/185.139.228.213/65894f1c999b97bc970cc594/6595728d87c2b97cc90194d5/config.ovpn',0,'2024-01-03 13:44:04','2024-01-03 13:45:14'),(297,1,'185.139.228.213','active','sf7k3k','6595727387c2b97cc901948d','4ZQNVRBH35EXPA6P',0,'1970-01-01 00:00:00','/var/www/dodavpn.com/storage/servers/vpnconfigs/185.139.228.213/65894f1c999b97bc970cc594/6595727387c2b97cc901948d/config.ovpn',0,'2024-01-03 13:44:04','2024-01-03 13:45:14'),(298,5,'93.114.133.234','active','7Xn70V','6595727a99c7d46da9ebe6ad','DDXIGXT7ZMOAXNMV',0,'1970-01-01 00:00:00','/var/www/dodavpn.com/storage/servers/vpnconfigs/93.114.133.234/658a77cd9118559fa8f6eb46/6595727a99c7d46da9ebe6ad/config.ovpn',0,'2024-01-03 13:44:17','2024-01-03 13:46:50'),(299,5,'93.114.133.234','active','Es56wv','6595724d99c7d46da9ebe655','TMOTBF7LXHMPVHV4',0,'1970-01-01 00:00:00','/var/www/dodavpn.com/storage/servers/vpnconfigs/93.114.133.234/658a77cd9118559fa8f6eb46/6595724d99c7d46da9ebe655/config.ovpn',0,'2024-01-03 13:44:18','2024-01-03 13:46:51'),(300,5,'93.114.133.234','active','Fqedcg','6595724a99c7d46da9ebe64e','CJMQUNY3OUGKF5CI',0,'1970-01-01 00:00:00','/var/www/dodavpn.com/storage/servers/vpnconfigs/93.114.133.234/658a77cd9118559fa8f6eb46/6595724a99c7d46da9ebe64e/config.ovpn',0,'2024-01-03 13:44:18','2024-01-03 13:46:51'),(301,5,'93.114.133.234','active','G8eSGU','6595725799c7d46da9ebe663','PXZXFB6G3M62YRGW',0,'1970-01-01 00:00:00','/var/www/dodavpn.com/storage/servers/vpnconfigs/93.114.133.234/658a77cd9118559fa8f6eb46/6595725799c7d46da9ebe663/config.ovpn',0,'2024-01-03 13:44:18','2024-01-03 13:46:51'),(302,5,'93.114.133.234','active','HOpe8E','6595727799c7d46da9ebe6a9','LBHMKCWNLAH5WS3O',0,'1970-01-01 00:00:00','/var/www/dodavpn.com/storage/servers/vpnconfigs/93.114.133.234/658a77cd9118559fa8f6eb46/6595727799c7d46da9ebe6a9/config.ovpn',0,'2024-01-03 13:44:18','2024-01-03 13:46:52'),(303,5,'93.114.133.234','active','QcQeqp','6595726a99c7d46da9ebe687','ICA4LKRUHOG37RL7',0,'1970-01-01 00:00:00','/var/www/dodavpn.com/storage/servers/vpnconfigs/93.114.133.234/658a77cd9118559fa8f6eb46/6595726a99c7d46da9ebe687/config.ovpn',0,'2024-01-03 13:44:20','2024-01-03 13:46:53'),(304,5,'93.114.133.234','active','QsWuQw','6595726499c7d46da9ebe67d','SJNO2KIIK4JWI2O5',0,'1970-01-01 00:00:00','/var/www/dodavpn.com/storage/servers/vpnconfigs/93.114.133.234/658a77cd9118559fa8f6eb46/6595726499c7d46da9ebe67d/config.ovpn',0,'2024-01-03 13:44:20','2024-01-03 13:46:53'),(305,5,'93.114.133.234','active','RteZyn','6595726399c7d46da9ebe679','P4SUQ7A7RGMDDQZT',0,'1970-01-01 00:00:00','/var/www/dodavpn.com/storage/servers/vpnconfigs/93.114.133.234/658a77cd9118559fa8f6eb46/6595726399c7d46da9ebe679/config.ovpn',0,'2024-01-03 13:44:20','2024-01-03 13:46:54'),(306,5,'93.114.133.234','active','UNoGlb','6595727499c7d46da9ebe6a3','LECJY3NZZOGZADVK',0,'1970-01-01 00:00:00','/var/www/dodavpn.com/storage/servers/vpnconfigs/93.114.133.234/658a77cd9118559fa8f6eb46/6595727499c7d46da9ebe6a3/config.ovpn',0,'2024-01-03 13:44:21','2024-01-03 13:46:54'),(307,5,'93.114.133.234','active','aGGM7M','6595728099c7d46da9ebe6be','XY5AVWY7VP5MPBFV',0,'1970-01-01 00:00:00','/var/www/dodavpn.com/storage/servers/vpnconfigs/93.114.133.234/658a77cd9118559fa8f6eb46/6595728099c7d46da9ebe6be/config.ovpn',0,'2024-01-03 13:44:22','2024-01-03 13:46:55'),(308,5,'93.114.133.234','active','eMfiHH','6595727d99c7d46da9ebe6b7','QMBNFI7TAF7WQNF5',0,'1970-01-01 00:00:00','/var/www/dodavpn.com/storage/servers/vpnconfigs/93.114.133.234/658a77cd9118559fa8f6eb46/6595727d99c7d46da9ebe6b7/config.ovpn',0,'2024-01-03 13:44:23','2024-01-03 13:46:56'),(309,5,'93.114.133.234','active','fl0wqp','6595727099c7d46da9ebe697','EHIA2VEXOKLTHABR',0,'1970-01-01 00:00:00','/var/www/dodavpn.com/storage/servers/vpnconfigs/93.114.133.234/658a77cd9118559fa8f6eb46/6595727099c7d46da9ebe697/config.ovpn',0,'2024-01-03 13:44:23','2024-01-03 13:46:56'),(310,5,'93.114.133.234','active','iePpie','6595727b99c7d46da9ebe6b2','XMJUNDJVDZI2DYNZ',0,'1970-01-01 00:00:00','/var/www/dodavpn.com/storage/servers/vpnconfigs/93.114.133.234/658a77cd9118559fa8f6eb46/6595727b99c7d46da9ebe6b2/config.ovpn',0,'2024-01-03 13:44:23','2024-01-03 13:46:57'),(311,5,'93.114.133.234','active','jmPk5q','6595725c99c7d46da9ebe66d','RE563VRPQE5NKMXQ',0,'1970-01-01 00:00:00','/var/www/dodavpn.com/storage/servers/vpnconfigs/93.114.133.234/658a77cd9118559fa8f6eb46/6595725c99c7d46da9ebe66d/config.ovpn',0,'2024-01-03 13:44:24','2024-01-03 13:46:57'),(312,5,'93.114.133.234','active','nDsQXC','6595726b99c7d46da9ebe68e','UKA5TTSPZ27GI6BD',0,'1970-01-01 00:00:00','/var/www/dodavpn.com/storage/servers/vpnconfigs/93.114.133.234/658a77cd9118559fa8f6eb46/6595726b99c7d46da9ebe68e/config.ovpn',0,'2024-01-03 13:44:24','2024-01-03 13:46:57'),(313,5,'93.114.133.234','active','ovAKsd','6595727299c7d46da9ebe69c','UK467BFS3QPW4D5S',0,'1970-01-01 00:00:00','/var/www/dodavpn.com/storage/servers/vpnconfigs/93.114.133.234/658a77cd9118559fa8f6eb46/6595727299c7d46da9ebe69c/config.ovpn',0,'2024-01-03 13:44:24','2024-01-03 13:46:58'),(314,5,'93.114.133.234','active','rHtuOn','6595726799c7d46da9ebe682','PBRBZH4VYWPZHVVH',0,'1970-01-01 00:00:00','/var/www/dodavpn.com/storage/servers/vpnconfigs/93.114.133.234/658a77cd9118559fa8f6eb46/6595726799c7d46da9ebe682/config.ovpn',0,'2024-01-03 13:44:25','2024-01-03 13:46:58'),(315,5,'93.114.133.234','active','sOk4gu','6595726d99c7d46da9ebe692','6HBS2ZXJUSDIUG35',0,'1970-01-01 00:00:00','/var/www/dodavpn.com/storage/servers/vpnconfigs/93.114.133.234/658a77cd9118559fa8f6eb46/6595726d99c7d46da9ebe692/config.ovpn',0,'2024-01-03 13:44:25','2024-01-03 13:46:59'),(316,5,'93.114.133.234','active','sjrpb6','6595726299c7d46da9ebe675','MGPRHZHRTZ4BA6MR',0,'1970-01-01 00:00:00','/var/www/dodavpn.com/storage/servers/vpnconfigs/93.114.133.234/658a77cd9118559fa8f6eb46/6595726299c7d46da9ebe675/config.ovpn',0,'2024-01-03 13:44:25','2024-01-03 13:46:59'),(317,5,'93.114.133.234','active','uuIlBz','6595724f99c7d46da9ebe659','V7ZXXB4X6OR5L2OT',0,'1970-01-01 00:00:00','/var/www/dodavpn.com/storage/servers/vpnconfigs/93.114.133.234/658a77cd9118559fa8f6eb46/6595724f99c7d46da9ebe659/config.ovpn',0,'2024-01-03 13:44:26','2024-01-03 13:46:59'),(318,5,'93.114.133.234','active','zDbHtY','6595725999c7d46da9ebe668','S27E7MQ2WRJR4TXF',0,'1970-01-01 00:00:00','/var/www/dodavpn.com/storage/servers/vpnconfigs/93.114.133.234/658a77cd9118559fa8f6eb46/6595725999c7d46da9ebe668/config.ovpn',0,'2024-01-03 13:44:27','2024-01-03 13:47:00'),(319,1,'185.139.228.213','active','2ypRTY','659572ae87c2b97cc9019533','VVEUWKDB4YNBBREW',0,'1970-01-01 00:00:00','/var/www/dodavpn.com/storage/servers/vpnconfigs/185.139.228.213/65894f1c999b97bc970cc594/659572ae87c2b97cc9019533/config.ovpn',0,'2024-01-03 13:45:04','2024-01-03 13:45:04'),(320,1,'185.139.228.213','active','BhjSkr','659572a987c2b97cc9019525','WVA242BYQIG3GRXU',0,'1970-01-01 00:00:00','/var/www/dodavpn.com/storage/servers/vpnconfigs/185.139.228.213/65894f1c999b97bc970cc594/659572a987c2b97cc9019525/config.ovpn',0,'2024-01-03 13:45:05','2024-01-03 13:45:05'),(321,1,'185.139.228.213','active','VY4ObH','659572aa87c2b97cc901952a','PPATKNINRVOH6OZ3',0,'1970-01-01 00:00:00','/var/www/dodavpn.com/storage/servers/vpnconfigs/185.139.228.213/65894f1c999b97bc970cc594/659572aa87c2b97cc901952a/config.ovpn',0,'2024-01-03 13:45:08','2024-01-03 13:45:08'),(322,1,'185.139.228.213','active','a7Obkp','659572ba87c2b97cc901954a','3Q6DYWEEIM5LJGZH',0,'1970-01-01 00:00:00','/var/www/dodavpn.com/storage/servers/vpnconfigs/185.139.228.213/65894f1c999b97bc970cc594/659572ba87c2b97cc901954a/config.ovpn',0,'2024-01-03 13:45:10','2024-01-03 13:45:10'),(323,1,'185.139.228.213','active','dbR0EK','659572bd87c2b97cc9019551','5ZPJLUZYAAUJ7NP2',0,'1970-01-01 00:00:00','/var/www/dodavpn.com/storage/servers/vpnconfigs/185.139.228.213/65894f1c999b97bc970cc594/659572bd87c2b97cc9019551/config.ovpn',0,'2024-01-03 13:45:10','2024-01-03 13:45:10'),(324,1,'185.139.228.213','active','fkQ7i6','659572bf87c2b97cc9019557','ZHK5HOQJ36AWLADE',0,'1970-01-01 00:00:00','/var/www/dodavpn.com/storage/servers/vpnconfigs/185.139.228.213/65894f1c999b97bc970cc594/659572bf87c2b97cc9019557/config.ovpn',0,'2024-01-03 13:45:11','2024-01-03 13:45:11'),(325,1,'185.139.228.213','active','imSJul','659572ad87c2b97cc901952e','WPYVQ2NLUHPNMCLB',0,'1970-01-01 00:00:00','/var/www/dodavpn.com/storage/servers/vpnconfigs/185.139.228.213/65894f1c999b97bc970cc594/659572ad87c2b97cc901952e/config.ovpn',0,'2024-01-03 13:45:12','2024-01-03 13:45:12'),(326,1,'185.139.228.213','active','kWrcBH','659572b387c2b97cc9019540','KR5XB62YRRSV2UZZ',0,'1970-01-01 00:00:00','/var/www/dodavpn.com/storage/servers/vpnconfigs/185.139.228.213/65894f1c999b97bc970cc594/659572b387c2b97cc9019540/config.ovpn',0,'2024-01-03 13:45:12','2024-01-03 13:45:12'),(327,1,'185.139.228.213','active','rdY4yn','659572b087c2b97cc901953b','OZNWW4IPS5UNXDPF',0,'1970-01-01 00:00:00','/var/www/dodavpn.com/storage/servers/vpnconfigs/185.139.228.213/65894f1c999b97bc970cc594/659572b087c2b97cc901953b/config.ovpn',0,'2024-01-03 13:45:14','2024-01-03 13:45:14'),(328,1,'185.139.228.213','active','zBMtaL','659572b687c2b97cc9019545','VGFFGJDL2C7A4QLH',0,'1970-01-01 00:00:00','/var/www/dodavpn.com/storage/servers/vpnconfigs/185.139.228.213/65894f1c999b97bc970cc594/659572b687c2b97cc9019545/config.ovpn',0,'2024-01-03 13:45:16','2024-01-03 13:45:16');
/*!40000 ALTER TABLE `pritunl_users` ENABLE KEYS */;
UNLOCK TABLES;

--
-- Table structure for table `pritunls`
--

DROP TABLE IF EXISTS `pritunls`;
/*!40101 SET @saved_cs_client     = @@character_set_client */;
/*!50503 SET character_set_client = utf8mb4 */;
CREATE TABLE `pritunls` (
  `id` bigint unsigned NOT NULL AUTO_INCREMENT,
  `uuid` varchar(255) COLLATE utf8mb4_unicode_ci NOT NULL,
  `username` varchar(100) COLLATE utf8mb4_unicode_ci NOT NULL,
  `password` varchar(100) COLLATE utf8mb4_unicode_ci NOT NULL,
  `organization_id` varchar(100) COLLATE utf8mb4_unicode_ci DEFAULT NULL,
  `internal_server_id` varchar(100) COLLATE utf8mb4_unicode_ci DEFAULT NULL,
  `internal_server_status` varchar(30) COLLATE utf8mb4_unicode_ci DEFAULT NULL,
  `status` varchar(20) COLLATE utf8mb4_unicode_ci DEFAULT NULL,
  `sync_status` varchar(20) COLLATE utf8mb4_unicode_ci NOT NULL DEFAULT 'not_synced',
  `user_count` bigint unsigned DEFAULT NULL,
  `online_user_count` bigint unsigned NOT NULL DEFAULT '0',
  `server_id` bigint unsigned NOT NULL,
  `created_at` timestamp NULL DEFAULT NULL,
  `updated_at` timestamp NULL DEFAULT NULL,
  PRIMARY KEY (`id`),
  UNIQUE KEY `pritunls_uuid_unique` (`uuid`),
  UNIQUE KEY `pritunls_server_id_unique` (`server_id`),
  KEY `pritunls_server_id_index` (`server_id`),
  CONSTRAINT `pritunls_server_id_foreign` FOREIGN KEY (`server_id`) REFERENCES `servers` (`id`) ON DELETE CASCADE
) ENGINE=InnoDB AUTO_INCREMENT=6 DEFAULT CHARSET=utf8mb4 COLLATE=utf8mb4_unicode_ci;
/*!40101 SET character_set_client = @saved_cs_client */;

--
-- Dumping data for table `pritunls`
--

LOCK TABLES `pritunls` WRITE;
/*!40000 ALTER TABLE `pritunls` DISABLE KEYS */;
INSERT INTO `pritunls` VALUES (1,'ce63d0a1-d69e-444c-9f71-7aeee97313b3','akrom','all-or-nothing98','65894f1c999b97bc970cc594','6589e23b87c2b97cc9fae754','online','active','synced',100,0,1,'2023-12-25 19:12:37','2024-01-04 03:58:17'),(5,'046b0ba4-205b-4b2f-a94d-e8737fae1d80','akrom','all-or-nothing98','658a77cd9118559fa8f6eb46','658a7a0599c7d46da9e5914a','online','active','synced',100,0,2,'2023-12-26 06:00:18','2024-01-03 13:47:00');
/*!40000 ALTER TABLE `pritunls` ENABLE KEYS */;
UNLOCK TABLES;

--
-- Table structure for table `queue_monitors`
--

DROP TABLE IF EXISTS `queue_monitors`;
/*!40101 SET @saved_cs_client     = @@character_set_client */;
/*!50503 SET character_set_client = utf8mb4 */;
CREATE TABLE `queue_monitors` (
  `id` bigint unsigned NOT NULL AUTO_INCREMENT,
  `job_id` varchar(255) COLLATE utf8mb4_unicode_ci NOT NULL,
  `name` varchar(255) COLLATE utf8mb4_unicode_ci DEFAULT NULL,
  `queue` varchar(255) COLLATE utf8mb4_unicode_ci DEFAULT NULL,
  `started_at` timestamp NULL DEFAULT NULL,
  `finished_at` timestamp NULL DEFAULT NULL,
  `failed` tinyint(1) NOT NULL DEFAULT '0',
  `attempt` int NOT NULL DEFAULT '0',
  `progress` int DEFAULT NULL,
  `exception_message` text COLLATE utf8mb4_unicode_ci,
  `created_at` timestamp NULL DEFAULT NULL,
  `updated_at` timestamp NULL DEFAULT NULL,
  PRIMARY KEY (`id`),
  KEY `queue_monitors_job_id_index` (`job_id`),
  KEY `queue_monitors_started_at_index` (`started_at`),
  KEY `queue_monitors_failed_index` (`failed`)
) ENGINE=InnoDB DEFAULT CHARSET=utf8mb4 COLLATE=utf8mb4_unicode_ci;
/*!40101 SET character_set_client = @saved_cs_client */;

--
-- Dumping data for table `queue_monitors`
--

LOCK TABLES `queue_monitors` WRITE;
/*!40000 ALTER TABLE `queue_monitors` DISABLE KEYS */;
/*!40000 ALTER TABLE `queue_monitors` ENABLE KEYS */;
UNLOCK TABLES;

--
-- Table structure for table `servers`
--

DROP TABLE IF EXISTS `servers`;
/*!40101 SET @saved_cs_client     = @@character_set_client */;
/*!50503 SET character_set_client = utf8mb4 */;
CREATE TABLE `servers` (
  `id` bigint unsigned NOT NULL AUTO_INCREMENT,
  `uuid` varchar(255) COLLATE utf8mb4_unicode_ci DEFAULT NULL,
  `name` varchar(255) COLLATE utf8mb4_unicode_ci NOT NULL,
  `status` varchar(50) COLLATE utf8mb4_unicode_ci NOT NULL DEFAULT 'new',
  `provider` varchar(20) COLLATE utf8mb4_unicode_ci NOT NULL DEFAULT 'digitalocean',
  `ip` varchar(45) COLLATE utf8mb4_unicode_ci DEFAULT NULL,
  `country` varchar(255) COLLATE utf8mb4_unicode_ci DEFAULT NULL,
  `city` varchar(255) COLLATE utf8mb4_unicode_ci DEFAULT NULL,
  `country_code` varchar(3) COLLATE utf8mb4_unicode_ci DEFAULT NULL,
  `flag` varchar(255) COLLATE utf8mb4_unicode_ci DEFAULT NULL,
  `config` json DEFAULT NULL,
  `price` double(8,2) DEFAULT NULL,
  `localization` json DEFAULT NULL,
  `created_at` timestamp NULL DEFAULT NULL,
  `updated_at` timestamp NULL DEFAULT NULL,
  PRIMARY KEY (`id`),
  UNIQUE KEY `servers_uuid_unique` (`uuid`),
  UNIQUE KEY `servers_ip_unique` (`ip`),
  KEY `servers_id_index` (`id`)
) ENGINE=InnoDB AUTO_INCREMENT=3 DEFAULT CHARSET=utf8mb4 COLLATE=utf8mb4_unicode_ci;
/*!40101 SET character_set_client = @saved_cs_client */;

--
-- Dumping data for table `servers`
--

LOCK TABLES `servers` WRITE;
/*!40000 ALTER TABLE `servers` DISABLE KEYS */;
INSERT INTO `servers` VALUES (1,NULL,'sweden','active','kamatera','185.139.228.213','Sweden','Stockholm','se','http://185.237.15.37/flags/1x1/se.svg',NULL,4.00,NULL,'2023-12-25 17:33:47','2023-12-25 17:33:47'),(2,NULL,'uk-server','active','mvps','93.114.133.234','United Kingdom','Berkshire','gb','http://185.237.15.37/flags/1x1/gb.svg',NULL,4.41,NULL,'2023-12-26 05:44:33','2023-12-26 05:57:01');
/*!40000 ALTER TABLE `servers` ENABLE KEYS */;
UNLOCK TABLES;

--
-- Table structure for table `tokens`
--

DROP TABLE IF EXISTS `tokens`;
/*!40101 SET @saved_cs_client     = @@character_set_client */;
/*!50503 SET character_set_client = utf8mb4 */;
CREATE TABLE `tokens` (
  `id` bigint unsigned NOT NULL AUTO_INCREMENT,
  `client_id` bigint unsigned NOT NULL,
  `token` varchar(255) COLLATE utf8mb4_unicode_ci NOT NULL,
  `created_at` timestamp NULL DEFAULT NULL,
  `updated_at` timestamp NULL DEFAULT NULL,
  PRIMARY KEY (`id`),
  UNIQUE KEY `tokens_token_unique` (`token`),
  KEY `tokens_client_id_foreign` (`client_id`),
  CONSTRAINT `tokens_client_id_foreign` FOREIGN KEY (`client_id`) REFERENCES `clients` (`id`) ON DELETE CASCADE
) ENGINE=InnoDB AUTO_INCREMENT=76 DEFAULT CHARSET=utf8mb4 COLLATE=utf8mb4_unicode_ci;
/*!40101 SET character_set_client = @saved_cs_client */;

--
-- Dumping data for table `tokens`
--

LOCK TABLES `tokens` WRITE;
/*!40000 ALTER TABLE `tokens` DISABLE KEYS */;
INSERT INTO `tokens` VALUES (8,8,'0z4hjItHkxly4EgFXFQ20ZAasFoC6ReP','2023-12-28 10:11:11','2023-12-28 10:11:11'),(9,9,'aBYuZVGE4dHNM3XKDb1CboTL4GjU1T7I','2023-12-28 10:12:21','2023-12-28 10:12:21'),(10,10,'RKQiaqOGavlOQfqylXJixNQBtbUU73id','2023-12-28 10:12:57','2023-12-28 10:12:57'),(11,11,'IgfvfIUZIMFMNyiM7iLnoXKhp9rb7qgA','2023-12-28 10:13:02','2023-12-28 10:13:02'),(12,12,'NlBx0SOU0GpLSVOWkK8ynUkIvaGhlUkx','2023-12-28 10:15:31','2023-12-28 10:15:31'),(13,13,'iwmLBOWUz6lVYR0ScXln6EgZzW47ozqo','2023-12-28 10:16:05','2023-12-28 10:16:05'),(14,14,'4UfBUd7gHJJKKiNxoiBPXPuhejExRTWV','2023-12-28 10:20:36','2023-12-28 10:20:36'),(15,15,'AIQjP2ML9DjUr7PE1QRSAqXO5dwTb2fX','2023-12-28 10:22:38','2023-12-28 10:22:38'),(16,16,'KuQQQVuLdLUAmC4tlOgGex6oC0puY2ZE','2023-12-28 10:24:09','2023-12-28 10:24:09'),(17,17,'IP9kExgAKFTU9ORqVQbLqOPPNnSfAJ8y','2023-12-28 10:25:47','2023-12-28 10:25:47'),(18,18,'nuzNQl4DJGkxjZUr9BQy1MV3doPh3prx','2023-12-28 10:27:05','2023-12-28 10:27:05'),(19,19,'4SlirsKXNGcd2HPI6089vg7UsonNJH79','2023-12-28 10:27:06','2023-12-28 10:27:06'),(20,20,'vI4oUrvFEzl6WrSAtlx8JYhetn5KDibW','2023-12-29 15:35:30','2023-12-29 15:35:30'),(21,21,'mi44Rlr4ch2cahkRpa4o5R4N7G9MFFp7','2023-12-29 15:37:04','2023-12-29 15:37:04'),(22,22,'oReBgbLFF2OoMlc8Cyo5MMqirwXN0f05','2023-12-29 15:43:26','2023-12-29 15:43:26'),(23,23,'2QieGD6lIdQHZdB4cVYuQNKVr1qfKToi','2023-12-29 15:46:14','2023-12-29 15:46:14'),(24,24,'8MeefXde1nMPmU6hshQxTiEQohYGH640','2023-12-29 15:47:02','2023-12-29 15:47:02'),(25,25,'zXOyJFipOTem3NbPJ2CTXSQwrV1lt1tE','2023-12-29 15:47:21','2023-12-29 15:47:21'),(26,26,'MiQhkzUN2cBbyYQbZeBiF6NUcpEYO7je','2023-12-29 15:47:37','2023-12-29 15:47:37'),(27,27,'zRnWqJhFeVpdM1BMuovOL5Kz6Fo5Esi8','2023-12-29 15:47:44','2023-12-29 15:47:44'),(28,28,'C64YQ4Q6hvCqvOhuGDjxpkoTGZ53O7Lq','2023-12-29 15:48:23','2023-12-29 15:48:23'),(29,29,'vF3qvQzUdKgU3dzvvGjv3Qw4SNPPDkcA','2023-12-29 15:50:04','2023-12-29 15:50:04'),(30,30,'eaZKKzanAvFmLbr4qZ2V5jMoHuDrgcOY','2023-12-29 15:51:31','2023-12-29 15:51:31'),(31,31,'3E6NWHuucDEnQltfUoWkfBOT28yLFNc5','2023-12-29 15:53:34','2023-12-29 15:53:34'),(32,32,'K8f9upNXMeM52rWEq5t6Cm9u40fU0X8m','2023-12-29 15:54:21','2023-12-29 15:54:21'),(33,33,'ZrnGVdaw1bNIE8PaO8Fu536VpyUG5ZiW','2023-12-29 15:55:36','2023-12-29 15:55:36'),(34,34,'mZij9vNJPkFp3n5WFE8NRYEklxSxV9jY','2023-12-29 15:56:54','2023-12-29 15:56:54'),(35,35,'YciHoJWnaLYrHlqZEZG0GBITQfiTvv0u','2023-12-29 15:56:54','2023-12-29 15:56:54'),(36,36,'KUbSmO2CDwPROHqB1xwtdIvlteckh0Tj','2023-12-29 15:57:11','2023-12-29 15:57:11'),(37,37,'Z6kRZzlhwxEwlt8vD6GnjE3m03Pg6ExK','2023-12-29 15:58:54','2023-12-29 15:58:54'),(38,38,'EY8zRFlyJEVzOQDDK2qFn5IMMYePG1vp','2023-12-29 16:01:48','2023-12-29 16:01:48'),(39,39,'EkxSfsQ2yCrIpzRe8SieSdbgsF5sW13y','2023-12-29 16:02:10','2023-12-29 16:02:10'),(40,40,'J3CM1jLk9wVH8qa9aNxLMnxffrwGc6uu','2023-12-29 16:03:02','2023-12-29 16:03:02'),(41,41,'HiONnWBbw0dM9bnDhtGtwl2qFjp6agIm','2023-12-29 16:07:09','2023-12-29 16:07:09'),(42,42,'P4kgroXWfrAS4y54WEHQML84G1YvghQr','2023-12-29 16:17:51','2023-12-29 16:17:51'),(43,43,'i5asi5EqkxvUTKpTuGfWLnPB92ln1kaG','2023-12-29 16:19:13','2023-12-29 16:19:13'),(44,44,'9JqHQvRyu7T2bIR4FCIqLygjP1wbVcUf','2023-12-29 16:19:44','2023-12-29 16:19:44'),(45,45,'VrjkTBQI4HwAmUbwv5qaYlsuTFeKmtmK','2023-12-29 16:24:10','2023-12-29 16:24:10'),(46,46,'JQYJubS6Rn6GHlurFVKtrlNFgSXqPhCB','2023-12-29 16:24:11','2023-12-29 16:24:11'),(47,48,'nG77wNOwUKTl6K0VLg9eAR5QIGJLzM3A','2023-12-29 16:28:37','2023-12-29 16:28:37'),(48,47,'yLyInKL5PP6jKNxOJh6iKcHCTrsvSr4m','2023-12-29 16:28:37','2023-12-29 16:28:37'),(49,49,'PUXLYfcU1DScThIQL6vatp8QDcs9lTQL','2023-12-29 16:31:49','2023-12-29 16:31:49'),(50,50,'kiQ9KYB6sr8HbQdR2QjdTQN0wrIrM6Zu','2023-12-29 16:32:31','2023-12-29 16:32:31'),(51,51,'jH2ouF3cVD4QEnMjxgWVcrf4copIxuXt','2023-12-29 16:33:01','2023-12-29 16:33:01'),(52,52,'OmzbWSNj81HTI7nk3FSRXMxnMCVGP36k','2023-12-29 16:35:28','2023-12-29 16:35:28'),(53,53,'GUIzWELTMqSXEZWbhyDFyRei61QA4kyU','2023-12-29 16:37:30','2023-12-29 16:37:30'),(54,54,'kdsntk0I9URdFl97Qp6OEejgClLzaixy','2023-12-29 16:39:50','2023-12-29 16:39:50'),(55,55,'hhIMAXXMjG2FgalvfuOQx5crei6Nw0hq','2023-12-29 16:40:36','2023-12-29 16:40:36'),(56,56,'b4WKz3wkXdqYgKb6XGDOhLWG50fmDRQK','2023-12-29 16:40:44','2023-12-29 16:40:44'),(57,57,'BrRY8QmwPKIgjHfUUojtP1MJuQYUTrbQ','2023-12-29 16:41:07','2023-12-29 16:41:07'),(58,58,'6mrAScU92r2n8XtQ66HcmWRz73s8Mid0','2023-12-29 16:41:08','2023-12-29 16:41:08'),(59,59,'rrsib01drVnddjk0pLjlCgM4AtzJI22X','2023-12-29 16:41:09','2023-12-29 16:41:09'),(60,60,'jqFbbSGpYG6VzmszJc8NFvw74Y4OC886','2023-12-29 16:41:10','2023-12-29 16:41:10'),(61,62,'sAdENxJYYdEL9UJeUYQ1xiJqqbph7Yub','2023-12-29 16:41:13','2023-12-29 16:41:13'),(62,61,'DRybIrgQ6QQd5ZNpyBlnqPnzClavEKl5','2023-12-29 16:41:13','2023-12-29 16:41:13'),(63,63,'9OYsaoQJWmBA3VcGN9hiB1EmWR7xpwmu','2023-12-29 16:44:40','2023-12-29 16:44:40'),(64,64,'dOf5vDvaYUY6FuD9eMtTxgNAEcEbdbhD','2023-12-29 16:46:37','2023-12-29 16:46:37'),(65,65,'1g4riulDe9Qyg5DYpubm8B4KkHx9FLkt','2023-12-29 16:58:20','2023-12-29 16:58:20'),(66,66,'M7r0jrVPh47li8J2dbZSWVFAfuAdPkxU','2024-01-03 09:15:00','2024-01-03 09:15:00'),(67,67,'RPq8xqRhBvrgICQVhIW372QDbJ5XRw74','2024-01-03 09:36:25','2024-01-03 09:36:25'),(68,68,'lshF2g3rR6pFNUY7TIz1xcbWtPp0y6PB','2024-01-03 10:37:26','2024-01-03 10:37:26'),(69,69,'1cIGt3EIvfMTAmFLsIuRlrO1I6pMNS4S','2024-01-03 11:29:53','2024-01-03 11:29:53'),(70,70,'sUMcduXCXWbmhuVlYdkL1puCemR9goVx','2024-01-03 12:04:25','2024-01-03 12:04:25'),(71,71,'xAuhhAgkxQltLOJlTfyczgCb8yxgovDy','2024-01-03 12:24:39','2024-01-03 12:24:39'),(72,72,'0cvWRdIIvDApYnxt9rXArhJ668gGebf6','2024-01-03 12:32:26','2024-01-03 12:32:26'),(73,73,'t7xtXmCCxlkV94fOSM9ca83RBzZvPAiM','2024-01-03 13:02:27','2024-01-03 13:02:27'),(74,74,'iLuXH8CMR1JRrW6yenXlULOltpbQN73e','2024-01-03 13:33:54','2024-01-03 13:33:54'),(75,75,'r4KYz2e1257FMWAGVR0d26zzyK7uKZrK','2024-01-04 03:57:26','2024-01-04 03:57:26');
/*!40000 ALTER TABLE `tokens` ENABLE KEYS */;
UNLOCK TABLES;

--
-- Table structure for table `users`
--

DROP TABLE IF EXISTS `users`;
/*!40101 SET @saved_cs_client     = @@character_set_client */;
/*!50503 SET character_set_client = utf8mb4 */;
CREATE TABLE `users` (
  `id` bigint unsigned NOT NULL AUTO_INCREMENT,
  `name` varchar(255) COLLATE utf8mb4_unicode_ci NOT NULL,
  `email` varchar(255) COLLATE utf8mb4_unicode_ci NOT NULL,
  `email_verified_at` timestamp NULL DEFAULT NULL,
  `password` varchar(255) COLLATE utf8mb4_unicode_ci NOT NULL,
  `remember_token` varchar(100) COLLATE utf8mb4_unicode_ci DEFAULT NULL,
  `created_at` timestamp NULL DEFAULT NULL,
  `updated_at` timestamp NULL DEFAULT NULL,
  PRIMARY KEY (`id`),
  UNIQUE KEY `users_email_unique` (`email`)
) ENGINE=InnoDB AUTO_INCREMENT=2 DEFAULT CHARSET=utf8mb4 COLLATE=utf8mb4_unicode_ci;
/*!40101 SET character_set_client = @saved_cs_client */;

--
-- Dumping data for table `users`
--

LOCK TABLES `users` WRITE;
/*!40000 ALTER TABLE `users` DISABLE KEYS */;
INSERT INTO `users` VALUES (1,'akrom','akyprog@gmail.com',NULL,'$2y$12$fja94.oQgnRQdPOPplM9KuETU8BkVbUVJfntOfqTiEBLef.ytUSfi',NULL,'2023-12-25 17:30:50','2023-12-25 17:30:50');
/*!40000 ALTER TABLE `users` ENABLE KEYS */;
UNLOCK TABLES;
/*!40103 SET TIME_ZONE=@OLD_TIME_ZONE */;

/*!40101 SET SQL_MODE=@OLD_SQL_MODE */;
/*!40014 SET FOREIGN_KEY_CHECKS=@OLD_FOREIGN_KEY_CHECKS */;
/*!40014 SET UNIQUE_CHECKS=@OLD_UNIQUE_CHECKS */;
/*!40101 SET CHARACTER_SET_CLIENT=@OLD_CHARACTER_SET_CLIENT */;
/*!40101 SET CHARACTER_SET_RESULTS=@OLD_CHARACTER_SET_RESULTS */;
/*!40101 SET COLLATION_CONNECTION=@OLD_COLLATION_CONNECTION */;
/*!40111 SET SQL_NOTES=@OLD_SQL_NOTES */;

-- Dump completed on 2024-01-04  6:51:09
